WBID,WATER_BODY,11,21,22,23,24,31,41,42,43,52,71,81,82,90,95,Waterbody_,Watershed_
7151,Forest Lake,2636.5,1333.7,1256.7,521.7,128.9,8.1,26414.0,55.0,383.2,54.0,176.7,4827.2,200.1,51.0,65.7,4028261.16,58829858.61
7061,Savannah City Reservoir,113.3,78.0,167.9,123.4,2.0,34.0,259.0,,,,33.0,896.0,989.2,8.0,1.0,129608.44,4148372.76
7105,Jamesport Community Lake,123.0,42.1,26.3,1.3,,,441.3,42.0,34.1,,1.0,755.5,,,4.0,183567.14,2258504.01
7122,Lake Viking,2632.3,2631.5,1413.8,208.1,25.9,6.0,8911.5,40.0,531.8,37.2,71.6,21708.3,2706.9,73.0,84.0,3806702.52,62936168.18
7237,Fellows Lake,3569.3,2077.8,2259.2,690.8,246.2,177.7,18986.6,809.9,2026.0,45.8,91.8,25237.0,,22.0,12.0,5131369.58,80155716.58
7108,Eagleville Lake,203.0,465.2,399.1,227.5,5.0,3.0,1056.2,,81.0,0.5,6.7,8432.3,2539.1,20.2,7.6,238772.94,20956727.77
7133,Rock House Lake,548.0,805.4,239.2,14.1,2.0,2.0,4001.6,68.0,349.3,28.0,120.6,11687.2,8038.8,37.0,46.0,429798.25,40383227.64
7019,Baring Country Club Lake,358.1,73.7,162.2,76.3,23.1,2.5,45.1,,,4.0,1.0,341.5,812.4,9.3,12.5,592063.18,2971814.23
7250,Wellsville City Lake,35.8,36.9,9.6,2.0,,0.5,141.0,3.0,89.0,,,504.0,303.1,,8.2,79397.66,1694221.95
7153,Lake Thunderhead,4679.3,2714.6,1578.9,404.4,54.9,0.2,10065.0,320.0,1788.1,325.0,393.5,35363.4,15490.7,121.0,376.0,6031031.39,114915773.39
7155,Unionville (Old) Lake,40.9,126.9,217.8,142.9,33.3,,7.4,,0.9,4.4,6.1,256.0,39.6,,0.4,88589.44,1365274.39
7031,Monroe City Lake,420.1,337.1,566.0,205.8,44.8,,3145.6,27.0,62.0,36.0,43.8,3336.5,14981.6,48.3,43.2,637240.82,35389937.63
7082,Lawson City Lake,112.2,63.2,64.5,8.7,,,155.9,,,,,475.3,71.0,,2.0,76933.49,1440447.44
7162,Green City Lake (Old),12.8,4.2,3.8,0.5,0.9,,,,,,,20.2,,,,26472.14,65781.29
7356,Lamar Lake,658.4,331.0,434.5,159.0,31.4,23.0,1462.3,,97.0,,9.5,8988.2,1139.6,31.0,41.0,956268.16,19195614.79
7152,Hazel Creek Lake,2059.9,521.0,334.8,73.0,,3.0,5101.2,60.4,597.9,68.0,74.7,13390.0,105.7,10.0,179.0,3606186.07,34948398.62
7225,Adrian Reservoir,280.1,73.3,151.0,31.9,1.0,,46.0,,17.0,,5.0,739.5,599.3,,13.0,327448.65,2871001.96
7227,Appleton City Lake,175.5,610.8,424.9,117.4,34.5,,1555.7,,31.7,,26.1,7217.0,3071.1,50.0,6.0,227761.31,19442957.21
7228,Drexel Lake,155.9,302.5,387.0,54.5,5.6,6.3,510.2,,,,12.0,6707.2,4312.3,98.0,,137442.03,18469000.40
7229,Butler Lake,358.5,257.8,130.8,31.3,,,474.3,,4.0,1.0,5.6,4534.0,3114.0,,1.0,359936.66,13031829.06
7230,Drexel City Reservoir South,234.0,34.6,71.1,13.5,1.0,,22.2,,,,,842.3,1500.1,,,283719.00,3997438.23
7069,Dearborn Reservoir,20.0,,,,,,15.5,,,,2.0,20.7,,1.0,2.1,47463.66,92654.32
7123,Breckenridge Lake,61.6,21.3,21.8,3.6,,,515.5,,83.3,2.2,7.0,1188.4,71.0,,3.3,90354.31,3019118.67
7124,Hamilton Lake,422.7,223.2,316.6,93.2,2.0,18.6,212.0,,1.0,,9.9,4098.3,1034.6,48.0,14.0,522867.32,9901708.52
7211,Pleasant Hill Lake,468.4,423.2,471.7,45.0,3.0,19.0,2904.2,,4.0,,120.8,6255.3,3760.6,6.0,4.0,620048.79,21523433.42
7214,Harrisonville City Lake,2243.5,615.9,988.2,157.9,13.0,2.0,2852.0,,18.0,10.0,44.1,14983.2,10419.5,16.3,47.7,2780010.52,48057931.78
7215,Garden City Lake,123.2,43.1,38.3,6.7,1.0,,143.0,,7.6,6.0,2.3,1061.8,365.4,1.0,7.0,179969.89,2663144.33
7217,City Lake Harrisonville,176.2,379.4,189.5,73.3,9.2,1.0,345.1,,,,1.0,1126.8,,3.0,1.0,197576.69,3409039.61
7219,Peculiar Lake,192.7,1530.3,1401.5,364.4,18.3,7.0,430.6,,17.0,,6.3,6000.9,254.3,,48.0,194384.45,15202976.38
7222,Cleveland Reservoir,41.1,53.5,94.9,4.2,,,117.0,,,,2.1,285.2,129.2,4.6,,75386.92,1082972.45
7223,Freeman Lake,50.3,49.6,68.7,5.0,,3.0,91.5,,,,1.0,708.2,771.1,,,74221.84,2580735.24
7418,Archie Lakes,25.8,191.5,225.0,59.2,16.0,,,,,,0.3,80.9,1.0,,,49077.65,881963.35
7424,Creighton Lake,78.2,93.0,49.8,11.8,,,206.9,,,8.6,1.6,1446.7,872.8,,,126914.22,4079409.17
7426,Garden City New Lake,193.9,125.4,113.3,47.2,,,369.2,,,1.0,15.0,2962.0,999.8,,1.0,267594.05,7112285.76
7136,New Marceline City Lake,591.9,199.4,118.2,19.2,,1.6,1950.8,,15.0,11.0,64.0,6433.1,1550.7,18.0,28.0,1097388.10,16734458.70
7009,Wyaconda Lake,41.0,18.5,34.8,6.7,,,66.9,,2.0,,,547.1,251.2,,1.0,66080.83,1505552.07
7074,Helvey Park Lake,46.5,53.8,65.7,25.7,4.0,,12.0,,,,1.0,402.6,,,,65197.44,922349.00
7075,Gower Lake,67.2,76.0,85.9,48.1,29.0,,31.5,,,,,273.9,511.1,8.0,2.0,96294.60,1720236.46
7078,Old Plattsburg Lake,352.8,196.0,165.1,17.3,,13.0,699.4,,,7.0,2.0,3505.9,5172.6,121.0,11.0,101215.29,15575666.40
7104,Jamesport City Lake,106.4,111.5,222.5,66.7,9.0,16.0,417.2,,47.7,,8.5,1959.3,951.3,,5.4,113702.64,6020738.68
7115,Maysville Lake,162.4,42.0,5.0,4.0,,,68.5,,4.0,,2.9,172.5,,1.1,9.2,263607.28,721565.13
7116,Maysville Lake,40.7,9.5,4.1,1.4,,,19.3,,2.0,,,131.3,0.1,8.3,3.0,84008.31,336383.32
7119,Cameron Lake #3,655.8,741.4,1984.3,702.3,111.0,1.2,1126.8,,15.3,12.0,126.6,6154.3,2991.0,83.0,23.0,631852.62,22459257.69
7120,Cameron Lake #1,94.2,113.1,341.2,105.5,1.0,0.2,209.4,,,,4.0,1730.9,1863.2,55.0,6.0,145296.14,6896527.37
7121,Cameron Lake #2,143.9,593.6,1478.9,578.6,110.0,,391.3,,12.0,,20.3,1405.1,389.7,14.0,7.0,217264.56,7843968.48
7384,Cameron Lake #4 (Grindstone Reservoir),1013.4,854.9,1801.7,297.9,52.7,18.2,3093.2,6.0,2.0,6.0,62.0,18349.0,26882.0,82.0,36.1,1435871.54,80109017.25
7438,Willow Brook Lake,704.0,456.3,166.3,15.2,,8.0,1280.3,7.0,109.7,25.0,73.6,11744.5,1560.6,28.0,79.0,1032602.52,24869164.92
7113,King City Old Reservoir,39.8,20.0,35.0,5.2,4.0,,,,,,0.2,529.0,1.8,,,59597.12,977546.25
7114,King City New Reservoir,163.7,55.0,67.4,15.6,5.1,,,,,,1.0,1049.9,69.1,,,168612.70,2195549.70
7400,Middle Fork Water Company Lake,500.2,464.7,112.3,15.7,2.0,,4958.8,10.0,162.2,292.2,210.8,8424.3,3872.7,9.0,87.0,685571.66,29626603.82
7434,King City Lake (South),127.9,76.7,85.0,3.3,,1.0,11.0,,13.0,,0.7,1362.4,619.0,2.0,1.8,201618.96,3542938.47
7236,McDaniel Lake,4780.2,4036.5,4433.2,967.5,262.2,221.7,32364.2,1522.3,4876.4,230.1,191.8,58329.2,219.0,220.7,31.0,1400175.52,160612673.40
7127,Trenton Lake Lower,1285.6,7666.7,7338.3,1562.0,387.5,249.5,60899.5,1517.4,12501.7,1113.3,1625.3,149020.8,82343.6,5616.1,362.0,672671.91,517936622.12
7128,Trenton Lake Upper,295.1,185.7,207.1,13.2,,,175.5,,61.2,,18.0,935.2,422.5,21.0,,463935.30,3594049.88
7106,Old Bethany City Lake,68.6,271.5,150.4,22.5,3.0,,100.7,,63.2,,3.0,290.1,,,1.0,120804.02,1508295.86
7386,Harrison County Lake,1360.2,1116.7,360.5,28.1,2.0,3.0,6160.8,79.6,391.5,122.7,57.3,34333.8,2072.5,98.0,155.7,2108384.47,72113325.48
7163,Armstrong Lake,44.2,18.9,16.5,2.4,,,146.9,,,,,609.4,651.7,,,53662.44,2241396.52
7182,D C Rogers Lake,976.3,278.7,165.4,29.1,1.0,,5313.3,19.0,366.7,51.9,191.4,3946.6,254.8,52.0,73.0,1315123.28,17572329.04
7333,Shepard Mountain Lake,207.8,312.8,23.9,7.0,,,9192.9,62.0,130.4,12.0,15.0,1710.2,,6.0,,148117.78,16782508.64
7098,Unity Lake Number One,76.0,75.1,183.2,266.5,153.7,1.3,493.3,,4.8,,35.8,273.5,111.6,,13.0,127638.34,2514820.90
7099,Unity Lake Number Two,126.0,527.6,584.1,482.3,206.7,4.1,975.1,,29.2,33.0,29.2,2027.6,266.9,3.0,5.0,174678.54,7899935.01
7193,Holden City Lake,1268.6,242.5,291.9,82.3,58.7,32.0,1609.9,,87.0,2.0,72.0,4781.4,2962.6,16.0,43.0,1900131.98,17118783.93
7025,Edina Lake,40.5,2.5,,1.5,,,40.8,,,3.4,,12.3,116.0,15.4,12.6,65941.24,378611.65
7026,Edina Reservoir,251.5,239.4,106.2,29.5,1.0,,113.3,,,,8.1,530.8,3268.2,,,352804.65,7025527.74
7093,Odessa Lake,501.2,815.3,734.4,159.1,28.4,7.0,1375.3,,14.0,,17.0,5303.8,1446.8,5.0,19.8,586236.72,15547947.87
7094,Odessa Lake (Old),94.9,548.3,549.9,138.7,21.9,0.0,954.1,,7.1,,14.0,3451.0,1137.5,3.0,2.8,145404.82,10322851.26
7190,Higginsville Reservoir (South),830.9,195.2,202.7,50.6,12.1,,973.6,,,33.0,25.1,2267.9,4219.7,6.0,51.2,987538.06,13266834.06
7191,Higginsville Reservoir (North),201.3,173.5,149.5,26.7,11.4,,962.1,,,33.0,23.0,1974.0,3954.2,6.0,46.0,263080.94,11312025.86
7192,Edwin A Pape Lake,1331.6,483.9,570.5,68.3,9.0,,3528.8,,46.0,16.0,74.0,9687.4,8764.6,45.0,126.4,1800759.20,36892568.25
7020,Lewistown Lake,139.4,20.5,7.7,2.0,,,95.4,13.0,31.9,,0.3,253.8,1084.0,4.0,11.7,234775.01,2562779.47
7021,Ewing Lake,162.4,129.8,173.9,36.2,1.0,,705.6,0.4,14.0,,6.1,404.6,40.9,4.4,2.7,260847.50,2584034.59
7022,New La Belle Lake,80.8,17.0,14.8,3.0,,,,,,,,371.1,89.2,3.0,4.0,127663.64,897996.15
7023,Belleview Lake,462.7,405.7,463.1,97.6,18.3,24.0,383.3,,,14.0,37.2,1081.8,2334.3,2.0,5.5,730897.98,8209762.13
7138,Brookfield Lake,495.3,88.4,145.8,26.3,5.0,,291.5,,36.5,1.0,37.0,2034.5,2.0,18.0,1.0,741431.49,4858753.64
7143,Linneus Lake,87.7,43.9,29.2,2.7,,,689.9,,161.5,,9.0,1135.5,233.2,1.0,2.0,115127.03,3667609.73
7159,Bucklin Lake,78.2,15.2,22.8,3.9,2.3,,,,,,,740.2,283.2,1.0,,120326.64,1749385.33
7160,Marceline Reservoir,249.0,140.6,382.3,55.6,5.0,17.0,1184.1,,24.3,,38.8,3680.5,2487.1,133.6,31.9,463850.31,12851360.95
7038,La Plata Lake,143.1,17.7,36.4,4.1,,2.0,206.8,5.1,85.9,,11.0,619.9,608.1,8.1,2.8,152671.54,2690325.38
7039,La Plata City Lake,324.0,69.0,5.1,3.0,,,142.0,,3.9,,14.0,1628.6,684.1,8.0,37.6,615622.99,4484344.78
7156,Ethel Lake,95.7,14.4,11.1,0.8,,,188.8,,42.2,,1.5,205.9,,3.0,2.0,149643.70,865702.41
7157,New Cambria Lake,30.7,15.5,1.9,,,,275.3,,,,,11.3,,1.0,1.4,60885.18,514600.20
7172,Atlanta City Lake,66.1,,,,,,5.9,,0.3,,,2.0,,1.9,1.4,118716.94,118716.94
7328,Fredricktown City Lake,2092.0,5473.4,2405.8,614.4,19.1,214.0,91801.1,1621.4,7625.2,2807.5,596.2,53417.1,2401.7,511.0,82.0,515391.62,246941906.76
7421,Blue Mountain Lake,51.4,3.0,,,,,63.5,2.8,9.8,1.4,,0.5,,,,93207.54,190397.95
7130,Berndt Lake,66.7,31.3,20.3,2.5,,,52.6,,26.3,,6.0,564.9,,,12.0,143663.37,1219485.53
7030,Monroe City Lake A,83.9,30.2,41.6,16.0,,,15.0,,55.4,3.8,8.1,311.0,474.9,22.0,28.1,158220.81,1657011.56
7034,Monroe Lake B,259.7,87.9,83.8,26.0,3.0,3.0,77.1,,3.0,,,590.4,1753.4,19.0,31.5,408943.56,4463575.44
7454,Sportsman Lake,143.8,480.3,385.7,164.6,22.1,0.5,1615.2,5.0,274.1,,26.1,4876.1,1011.7,20.2,9.6,57028.77,13506332.90
7402,Mozingo Lake,4287.8,2865.4,734.0,105.1,17.0,15.0,4970.6,42.0,556.5,129.0,532.8,23623.1,20604.9,196.0,413.9,6968410.00,91881062.99
7187,Spring Fork Lake,453.7,847.7,347.1,89.1,16.0,22.5,2984.8,508.0,876.4,136.6,245.6,19222.2,5367.7,209.0,95.0,852993.94,46273276.81
7003,Old Lake,87.9,31.4,85.2,108.1,12.6,,1757.2,0.8,9.4,3.6,14.1,275.2,328.5,,,189437.61,4089347.75
7004,Bowling Green Reservoir,178.5,63.1,45.7,13.2,2.0,,1844.4,,53.8,20.0,19.4,922.4,462.3,,1.0,287128.24,5462316.06
7032,Vandalia Reservoir,202.7,380.2,221.0,107.8,17.0,186.4,2224.6,,77.4,1.0,40.5,2259.6,4523.1,10.0,10.4,186612.76,15468755.83
7047,Perry City Lake,120.9,193.9,393.1,95.2,26.7,15.8,201.1,,33.1,,2.0,1351.9,6036.4,10.0,6.0,124310.30,12816376.70
7048,Perry City Lake Upper,45.6,159.2,298.2,86.7,25.2,15.8,184.2,,17.0,,1.0,919.4,6002.4,9.0,1.0,70102.09,11726745.06
7165,Old Reservoir,89.1,76.3,104.1,93.7,19.1,5.9,735.8,15.0,2.0,0.6,15.0,479.5,,3.0,3.0,137112.03,2480136.67
7166,Sugar Creek Lake,1668.4,1123.8,1258.0,1019.7,525.4,23.1,7408.7,25.0,341.6,187.0,600.7,9378.0,6490.8,23.7,60.2,2098120.09,45577966.84
7197,Higbee Lake,60.6,245.4,248.7,77.1,19.2,,478.2,6.0,64.0,38.4,15.0,1215.6,,1.5,,89890.15,3718398.92
7012,Downing Reservoir,86.6,10.9,8.7,3.0,,,226.5,,12.0,,4.0,1000.5,,,6.0,154513.56,2118522.91
7017,Lancaster Lake - Old,105.1,68.8,34.0,2.5,,,246.3,,16.5,15.0,52.1,2379.7,112.9,14.0,33.0,160274.72,4804558.74
7018,Lancaster City Lake - New,170.2,71.7,10.0,3.5,,,69.0,,37.1,,2.0,1925.7,56.8,1.0,,298101.80,3658482.23
7037,Schuyler Co. PWSD #1 Lake,119.2,40.8,28.9,6.0,,,45.0,,,,1.0,749.0,1240.1,,2.0,227224.62,3466171.86
7013,Memphis Reservoir,1132.4,271.7,432.6,79.4,3.0,3.0,2180.3,6.0,73.6,43.0,43.0,6647.0,4888.2,329.0,184.1,288001.69,25379242.69
7014,Memphis Lake,940.3,140.2,273.5,67.5,1.5,3.0,1099.7,1.0,48.9,33.0,14.4,4303.9,4293.0,32.9,162.4,1767707.42,17755278.30
7036,Shelbyville Lake,108.4,37.0,37.3,11.1,1.2,,68.5,,44.5,2.0,4.7,471.4,1614.5,16.6,21.3,209724.43,3725641.69
7040,Clarence Lake #2,123.0,40.1,66.7,88.4,14.4,20.0,102.9,,,6.0,3.1,478.6,175.3,5.0,5.6,236157.76,1721331.50
7041,Old Lake,81.6,16.8,25.9,46.2,3.6,8.0,143.2,10.0,16.0,,2.0,574.0,1098.3,2.0,7.2,137241.07,3101329.07
7042,Shelbina Lake,251.4,437.7,497.7,241.0,33.3,32.1,556.4,,29.0,,15.0,1587.9,2910.6,30.0,29.0,357341.81,10128549.32
7144,Milan Lake North,44.1,16.4,62.7,6.0,,,92.2,,64.1,,5.0,615.0,,,20.0,99604.36,1429454.80
7146,Elmwood City Lake,867.5,484.0,152.7,11.0,1.0,,2537.6,13.8,1103.4,58.6,33.3,12276.9,663.0,62.0,65.0,1368391.13,28358136.15
7161,Green City Lake,262.5,128.3,83.3,6.0,,,85.1,,5.0,,3.0,2921.4,594.4,5.0,7.9,390443.65,6350801.84
7439,Milan Lake South,196.4,31.5,28.8,6.0,2.9,,923.5,1.0,255.2,11.0,6.0,1398.2,,11.0,2.9,257869.18,4439007.45
7235,Stockton Lake,117826.2,94444.5,101977.3,31387.9,11097.5,9562.5,900703.8,30816.0,81342.3,16666.3,10418.2,1809181.8,64796.7,9760.3,1691.6,161126741.99,4698267517.16
7238,Pomme de Terre Lake,37692.5,52357.8,53691.3,16966.8,3640.1,3306.6,546699.7,38677.9,76230.3,10319.4,5636.5,939440.7,20439.6,6665.4,442.0,49944783.79,2603904147.47
7313,Table Rock Lake,331412.6,502321.6,322087.4,163083.5,49681.3,23037.3,5219687.2,316015.5,482648.0,108422.6,119166.7,3821684.1,14079.7,14164.4,2881.0,262813881.62,16033418600.19
7314,Lake Taneycomo,340900.7,543429.4,359223.0,190391.5,57460.2,27876.1,5749052.9,380899.4,550851.4,117511.9,130692.0,3978494.5,14079.7,15006.4,3068.7,13413691.80,17394343124.96
7207,Harry S Truman Reservoir,738487.7,937034.9,723945.4,206768.1,50514.0,48545.7,6800313.2,182466.8,482046.4,125267.0,1456558.8,14489050.9,5940879.0,694201.2,249199.5,324205828.49,48246593661.41
7205,Lake of the Ozarks,247507.3,300046.3,120995.2,50526.7,15351.4,10018.5,3968969.2,54941.2,123005.7,80147.7,41295.2,1810656.2,28871.9,29768.6,9517.9,335495235.07,9999149788.74
7077,Smithville Lake,35212.4,15888.2,16381.5,2666.7,496.5,601.0,78418.9,17.0,373.4,359.9,1104.6,236313.8,194386.3,10393.2,1914.0,52598380.72,901130602.56
7097,Longview Lake,5265.8,18433.4,23609.1,14817.0,5866.9,362.9,18379.6,52.0,931.0,422.0,584.9,34829.5,12910.3,188.0,149.0,6383993.61,203374414.25
7171,Long Branch Lake,12554.0,7770.4,4474.2,972.7,106.2,108.0,80080.8,422.0,1718.1,358.0,1581.5,120562.2,45597.0,7001.7,1353.7,18890493.24,436468235.87
7315,Bull Shoals Lake,564673.9,693460.7,405074.0,201575.4,59238.7,39064.6,8073773.4,718082.6,940119.2,192885.5,219309.5,5167889.7,14190.7,18594.4,4371.0,282042049.80,24191708983.71
7317,Norfork Lake,102076.4,163803.0,44049.3,9143.7,1349.8,23124.5,2682999.0,125578.5,401107.6,73944.6,83125.3,1479327.2,883.0,3413.0,894.0,117620529.73,7290390162.07
7033,Mark Twain Lake,118260.9,162342.2,111187.2,41187.3,9873.4,5622.4,1045685.4,4361.3,41333.6,6824.3,23247.2,1869220.3,2682456.6,170944.6,41771.0,137612202.31,9614372787.32
7173,Thomas Hill Reservoir,22970.8,10021.1,7587.1,1869.6,387.6,265.0,77159.6,1312.9,5629.3,579.2,1236.1,209416.9,60618.3,10248.0,2459.6,27412350.74,627555370.85
7326,Clearwater Lake,17415.7,80680.9,6658.2,2405.6,617.6,17598.2,2105709.6,36370.3,103413.0,19994.1,16663.4,157944.2,1787.0,11846.7,4437.2,10434946.54,3691768137.60
7336,Lake Wappapello,52000.1,110048.7,41201.5,16597.5,4016.2,7662.8,2599667.1,62007.1,147093.4,26610.7,19689.6,558422.6,22513.6,28046.0,5668.0,49693892.30,5288900500.52
7316,Noblett Lake,96.2,1817.9,296.0,50.3,5.0,16.0,51120.0,3309.1,4257.5,745.2,597.9,8824.1,,21.0,8.0,173252.60,100483592.66
7319,McCormack Lake,69.2,331.3,16.5,,,,8822.2,243.3,786.0,6.0,95.8,,,4.0,2.0,56923.98,14611364.63
7322,Loggers Lake,89.6,361.1,6.2,,,,6539.9,86.9,326.9,13.0,193.2,,,7.0,1.0,132468.76,10893116.00
7327,Beaver Lake,58.5,44.1,,,,,254.7,361.4,295.8,,,,,,0.5,87740.20,1427473.74
7341,Lake Tywappity,135.7,2.9,1.1,2.0,,,884.1,,10.0,,1.8,143.6,,,0.9,272878.73,1679573.48
7150,Spring Lake,410.8,313.7,189.1,28.1,1.9,,7133.8,,12.0,,29.5,224.9,,2.0,16.0,599557.58,12883032.89
7433,Junges Lake,157.8,61.5,21.9,38.0,56.1,65.5,3235.3,,,,16.9,126.0,,,3.0,246093.79,5543946.06
7181,Lake Champetra,271.1,215.0,27.2,10.7,,,1813.2,12.1,89.8,9.6,5.0,175.1,34.5,,1.0,404210.23,3941229.35
7199,Cedar Lake,131.0,392.4,651.2,785.1,212.9,,31.3,11.2,24.5,,0.4,269.0,14.0,6.0,4.0,138864.58,3769371.21
7201,Finger Lakes,263.1,238.1,122.1,102.0,1.1,19.2,1747.0,5.4,174.3,1.0,15.1,3253.1,1210.7,20.0,34.3,793662.31,10791021.33
7451,Twin Lakes,1876.7,15382.8,18273.7,18070.1,7367.8,781.7,61784.3,862.8,8965.0,566.1,766.3,62884.0,20530.0,1057.1,92.7,154467.10,327254645.19
7064,Lake Contrary,1234.8,889.4,1315.0,597.2,381.8,13.6,4448.2,,150.2,68.4,25.7,1503.0,12823.0,169.9,790.8,1996334.79,37150621.47
7067,Lewis & Clark Lake,1715.9,195.0,256.0,83.4,8.0,1.0,1106.8,,6.9,9.3,31.0,618.1,1588.8,56.2,313.7,2689225.76,9077759.40
7174,Lake Lochaweeno,315.0,336.7,74.3,9.9,3.0,,2432.2,,40.9,,7.0,36.3,,2.0,12.4,262504.92,4858839.03
7175,Bass Lake,127.0,179.1,38.4,5.9,,,1839.3,,33.8,,1.0,25.3,,2.0,6.0,192260.04,3355621.68
7176,Leisure Lake,244.0,176.0,30.5,3.0,,,2321.6,,25.5,,16.0,43.7,,0.1,5.7,299440.55,4264166.71
7206,Lake Niangua,4921.2,55326.1,26088.1,7062.0,848.5,1302.5,907136.1,15921.0,49427.2,15826.6,8900.3,612029.4,3320.4,3060.0,429.6,1671995.24,2460176472.62
7659,Lake Boutin,62.5,54.4,4.4,2.0,,,262.6,,,,7.4,2.0,,,4.0,125688.49,571760.56
7212,Lake Winnebago,2274.9,6000.9,9598.5,5545.7,778.9,65.3,3556.5,,35.0,31.0,53.0,23417.7,4554.6,12.8,13.0,1814158.42,83072866.67
7213,Raintree Lake,911.0,2713.9,4596.6,2884.5,296.2,25.8,707.0,,8.0,27.0,7.0,7163.3,2168.6,,,1658248.12,31955780.18
7149,Sterling Price Community Lake,125.0,13.5,55.3,7.0,1.9,,186.7,,20.3,5.0,17.9,742.2,531.1,10.5,6.0,151982.31,2600189.16
7158,Lake Nehai Tonkayea,1199.9,930.1,213.6,39.7,3.9,14.0,1584.5,0.2,18.3,,6.0,551.3,,,19.2,1555720.38,6951004.40
7001,Lake of the Oaks,264.5,313.7,74.2,16.4,2.0,2.0,1750.2,,24.8,12.0,51.1,375.5,865.7,,5.0,341078.96,5812835.62
7007,Athens State Park Lake,30.0,76.8,12.5,,,,613.9,101.4,138.4,39.6,32.6,513.3,173.6,,4.0,50076.31,2712434.74
7087,Watkins Mill Lake,502.4,367.1,203.0,30.0,5.8,16.0,3090.1,,224.1,7.0,6.2,2959.6,1378.4,14.0,7.0,591444.40,13303658.37
7088,Lake Arrowhead,537.3,1047.5,974.6,359.7,4.0,,3000.1,,6.0,15.0,56.3,9597.5,6909.7,85.0,14.0,685015.89,34224491.79
7453,Lake Allaman,29.0,82.8,40.5,0.7,,,263.4,,19.3,,,297.1,,,,41117.27,1114166.04
7278,Opossum Hollow Lake,322.1,803.9,99.2,26.3,4.0,6.0,14129.8,182.2,1044.0,349.6,223.8,3461.5,,4.0,2.9,416062.10,30073476.75
7279,Lucky Clover Lake,6304.3,71725.5,29360.9,12994.2,3928.6,1839.0,1347407.4,43685.0,63289.9,24274.5,14183.7,609688.8,1806.0,2803.7,872.0,135137.42,3222725529.01
7288,Indian Lake,1529.9,2554.3,1518.6,539.8,45.3,40.3,18376.0,399.8,1762.5,391.4,256.9,14664.6,,23.0,22.0,1999815.28,61262457.98
7289,Klontz Lake,59.9,50.5,18.1,2.0,,,254.7,,19.0,8.0,2.0,100.6,,,1.0,93334.51,752105.94
7112,King Lake,1415.4,1545.1,664.9,104.7,7.0,6.0,4478.5,1.0,242.0,197.4,130.0,29981.9,13813.3,240.0,255.1,1410430.26,81654684.65
7118,Pony Express Lake,1197.0,253.7,222.3,12.6,0.6,4.6,3485.6,1.0,51.3,169.9,29.0,4146.6,3038.4,65.0,43.0,1755429.36,19417074.64
7275,Whispering Valley Lakes,128.4,201.9,101.4,5.0,0.1,,516.9,0.0,81.7,,4.0,15.0,,1.4,1.9,216229.69,1557372.68
7276,Lake Thunderbird,107.4,183.1,47.8,8.0,,,1489.9,,73.7,35.0,6.3,331.9,,,1.0,210163.44,3345694.32
7277,Lake St. Clair #1,251.9,257.5,255.6,93.0,11.3,1.0,568.9,3.0,49.3,8.5,2.7,683.6,1.1,3.0,,344751.54,3209099.92
7283,Lake Arrowhead,92.5,575.3,282.1,49.0,,6.0,5240.3,234.9,1799.8,42.8,58.0,1160.5,,17.0,5.8,150037.28,14015215.84
7284,Lake Serene,279.2,346.5,234.0,39.7,13.7,1.0,1401.2,204.3,971.1,5.6,28.6,404.9,,3.0,3.0,361754.41,5778484.61
7285,Melody Lake,127.5,192.3,79.3,10.6,1.0,,322.1,,35.3,8.0,10.0,180.6,,,3.0,207273.04,1421851.56
7241,Peaceful Valley Lake,887.0,658.3,402.6,90.4,1.3,172.0,8523.9,18.8,346.0,97.9,52.0,2036.1,45.1,1.0,15.0,1041645.10,19556644.87
7242,Lake Timber Ridge,130.0,69.9,24.3,2.0,,,2328.8,5.0,68.3,,7.0,26.5,,,,228107.73,3913871.44
7243,Lake Northwood,380.7,189.7,64.2,5.5,6.9,24.2,3348.9,,65.1,5.0,13.2,204.6,4.4,4.0,5.0,509764.81,6346913.21
7254,Lost Valley Lake,347.7,243.4,205.9,70.4,6.0,50.0,3753.9,25.3,425.6,5.0,48.0,1061.1,,,2.0,262229.86,9182138.09
7134,Leisure Lake,188.7,350.9,222.4,14.3,1.3,3.0,1292.8,,30.0,,3.0,885.3,1510.1,22.0,19.0,263025.15,6996185.44
7135,Crowder St. Park Lake,91.6,352.2,271.3,55.6,2.0,,1833.8,15.6,146.5,,15.3,810.0,676.7,,6.0,103772.64,6584519.11
7109,New City Lake,356.9,44.4,101.5,16.7,1.8,,331.4,124.1,343.6,12.0,6.0,1937.3,3.8,22.0,12.0,345926.43,5136628.10
7059,Big Lake,3114.2,191.1,588.4,361.1,121.5,17.4,,,,,98.5,25.9,6516.0,330.3,566.7,4604878.31,18357579.73
7318,East Arrowhead Lake,234.9,149.6,90.9,10.0,,2.0,1048.9,,1.8,232.5,297.4,1673.5,,,2.0,343536.06,5248050.58
7321,Sims Valley Community Lake,185.0,102.1,16.0,2.0,,,1397.1,13.7,76.3,24.9,2.1,903.0,,1.0,4.0,266436.45,3857332.28
7299,Council Bluff Lake,1763.5,205.8,8.1,0.2,,0.1,18823.8,429.8,2793.6,86.0,1741.0,264.2,,2.0,48.0,2780444.01,37686359.56
7332,Lake Killarney,645.9,6159.7,2973.2,1150.0,243.0,175.0,112124.4,711.6,2302.9,347.9,1101.0,19066.3,,527.0,39.0,394119.33,211941116.34
7091,Lake Lotawana,2121.7,1956.2,2512.1,878.6,148.6,739.2,3115.5,,38.0,14.0,382.0,6535.2,4236.0,16.0,72.1,3262839.79,33905509.18
7092,Tarsney Lake,64.7,240.1,198.7,15.5,2.0,,743.3,,13.0,7.0,8.7,612.3,126.7,7.0,1.0,118358.29,3039670.83
7100,Lakewood Lakes,1037.8,1803.7,2756.4,1663.0,487.7,2.0,875.2,,20.7,67.0,32.6,1497.3,62.8,,1.0,1870043.69,15374098.44
7101,Lake Jacomo,5362.6,8442.5,14161.6,8940.4,1685.7,77.0,11390.8,22.0,189.0,48.0,114.5,10842.6,4110.6,36.0,49.3,6696384.87,97545227.38
7102,Prairie Lee Lake,729.2,4005.9,7137.1,4398.6,492.9,26.0,893.9,,10.0,10.0,44.0,3865.5,871.9,24.0,1.0,964329.70,33516833.47
7103,Lake Tapawingo,344.2,1379.3,2462.1,926.9,128.3,,110.0,,,3.0,,315.9,,,,555750.03,8466580.93
7358,Blue Springs Lake,8765.7,11506.0,19605.8,11951.0,2171.0,123.6,20997.0,22.0,432.0,76.0,278.6,14228.9,5011.9,50.0,87.0,4312821.55,142057544.70
7355,Kellogg Lake,97.6,205.6,192.9,55.9,12.0,13.0,820.8,,8.0,,10.3,1458.6,140.1,202.4,,142911.30,4572142.51
7257,Lake Loraine,190.1,266.9,185.8,128.3,13.7,106.4,2746.2,10.0,439.7,23.3,91.9,112.6,,,2.0,273188.03,6322104.44
7258,Lake Wauwanoka,388.0,589.8,368.2,184.2,35.0,,3604.3,82.0,613.6,18.0,20.4,68.6,,2.0,3.0,611517.83,8733410.65
7259,Lake Briarwood,326.9,325.8,166.4,41.1,,4.0,1587.7,78.0,447.7,15.0,21.0,491.8,,5.6,3.0,424070.98,5124838.58
7260,Summerset & Fisherman's Lakes,376.6,603.5,254.6,45.3,3.7,0.4,1145.3,69.3,377.8,31.8,16.9,215.9,,,15.0,436737.14,4592706.68
7261,Sunrise Lake,142.0,212.2,75.9,17.8,5.1,,1409.2,49.4,233.2,,12.5,1041.8,,1.0,1.4,140364.09,4652546.84
7262,Valle Lake,315.9,406.9,191.7,31.0,3.3,,4923.4,243.0,456.5,15.0,13.0,1097.5,47.9,7.0,14.0,274456.18,11285711.24
7290,Cedar Hill Lake Number 1,65.0,217.2,132.6,5.0,,,744.0,8.8,241.3,,,11.0,,,,68260.91,2087567.95
7305,Cole Lake,158.2,138.2,43.4,1.0,1.0,,1504.3,17.0,178.0,10.0,8.0,716.7,,2.0,3.0,260237.60,4039579.49
7306,Raintree Plantation Lake,515.5,1054.3,664.8,108.5,12.2,1.0,899.5,15.9,106.7,1.0,11.0,20.4,,,5.0,742586.20,4994186.96
7307,Lake Tishomingo,566.8,662.4,360.0,35.7,5.1,0.0,3155.7,547.5,1455.6,46.6,69.2,1092.7,14.0,1.0,5.0,787146.66,11738502.59
7308,Lake Montowese,165.5,325.9,223.4,124.5,9.0,1.0,1296.1,30.9,456.2,2.0,4.9,15.0,,,,247421.01,3901018.75
7310,Fon-Du-Lac Reservoir,110.3,193.4,451.7,172.1,2.0,3.0,209.1,1.0,168.2,,1.5,54.9,,,0.9,160000.21,2012510.05
7464,Clear Lake,191.2,457.3,159.2,20.3,5.1,,2267.1,63.0,291.6,4.0,14.0,1263.0,,3.0,5.0,81582.69,6894145.11
7497,Cedar Hill Lake Number 2,38.6,74.3,35.0,2.1,,,554.8,22.0,267.3,1.0,6.0,53.9,,,,64263.69,1544788.33
7554,Cedar Hill Lake Number 3,5.8,35.9,9.2,3.0,,,66.5,,15.5,,,,,,,11279.82,199143.62
7024,Henry Sever Lake,670.0,144.6,137.8,14.0,,,2409.0,6.0,21.0,11.0,142.0,1628.6,3888.3,24.5,14.0,1054978.88,13997887.56
7028,Hurdland Severs Lake,63.5,104.0,23.8,3.0,1.0,,115.4,3.5,37.6,,2.0,541.5,843.8,5.4,4.0,93123.49,2693408.04
7002,Wakonda Lake,1380.0,1933.9,1485.9,577.5,33.0,107.6,13078.8,28.0,714.6,426.3,614.4,19890.1,56517.3,475.4,157.9,551741.11,149838985.65
7416,Agate Lake,2340.3,1983.2,1645.5,661.4,45.0,153.0,13135.8,28.0,714.6,426.3,614.4,19929.2,63377.4,600.5,252.3,1455446.47,162866890.97
7432,Jasper Lake,224.6,138.0,261.0,108.1,33.2,16.5,1170.7,,82.4,15.0,134.1,1988.7,2605.1,2.0,41.5,298889.89,10484397.51
7049,Lake Lincoln,174.1,205.4,45.5,3.4,,,2147.0,,29.2,,41.5,127.4,,,1.0,345088.97,4144487.19
7137,Walt Disney Lake,71.9,85.4,110.9,32.6,2.0,,7.8,,,,3.0,58.4,50.5,1.0,0.3,112120.31,645595.12
7142,Pershing St. Park Lakes,20.6,2.5,0.8,,,,3.9,,,,4.1,16.5,,15.3,2.7,53946.54,101314.48
7148,Roach Lake,437.0,75.6,69.2,7.0,1.0,2.0,291.3,,84.7,,69.1,914.9,1367.1,104.6,77.0,729817.44,5332041.11
7443,Pike Lake,75.0,,,,,6.9,933.8,,96.7,23.0,29.5,109.0,0.2,8.0,2.9,118398.62,1970367.89
7650,Santa Fe Lake,114.6,65.5,170.4,32.7,3.5,,181.7,,20.3,,11.0,570.0,87.0,19.0,4.0,202077.68,1967342.76
7329,Nims Lake,1025.3,233.2,59.7,4.0,,22.0,9659.1,207.1,933.9,128.9,20.3,1327.1,,7.0,10.0,1624345.26,19623518.04
7131,Lake Marie,204.4,311.4,228.9,24.3,,19.0,280.6,9.0,52.1,,21.5,332.4,,,30.0,352525.56,2358547.78
7035,Lake Tom Sawyer,15.7,1.5,4.3,0.2,,,40.2,,1.5,,,2.2,,,,28203.44,99272.12
7249,Pinnacle Lake,642.3,299.5,159.9,34.9,5.0,4.1,7067.0,36.0,380.6,37.7,58.9,2182.1,454.0,5.0,2.0,765586.53,16894877.31
7269,Parker Lake #1,57.3,190.9,46.0,2.0,,,929.3,68.0,76.0,,15.8,0.9,,,1.0,113249.74,1997489.59
7270,Parker Lake No. 2,126.9,348.2,57.4,3.3,,8.8,1772.2,79.0,134.9,,17.8,59.1,,,1.0,125105.92,3755638.30
7286,Seven Springs Lake,76.7,160.1,9.1,2.0,,,2745.2,11.9,46.0,30.3,15.3,110.8,,,1.0,114877.54,4636230.73
7071,Weatherby Lake,756.2,2389.7,3501.9,2443.4,523.8,21.0,1437.8,,18.6,40.0,129.0,1284.9,374.3,,2.0,1251687.25,19420179.99
7072,Waukomis Lake,288.0,881.2,1608.7,1389.8,503.3,,691.8,,0.3,4.0,16.0,43.3,57.0,,,513385.36,8237280.10
7073,Houston Lake,27.2,965.1,1296.5,758.1,55.1,1.0,277.4,,0.0,,,136.9,,,,110893.66,5278459.78
7083,Ray County Community Lake,104.1,24.5,66.1,12.0,,,154.9,,1.2,31.0,8.0,793.4,324.5,3.0,20.0,154962.26,2323003.59
7084,Sunshine Lake,2238.1,770.1,950.1,202.4,12.0,8.0,6279.6,,25.0,62.3,218.6,8359.2,29979.3,272.2,856.2,3358246.50,75411022.08
7085,Crystal Lake,576.0,2159.4,2470.8,388.0,54.8,5.0,11427.1,3.0,87.0,117.0,177.9,21239.2,5404.6,196.0,27.0,664974.59,66906331.03
7323,Ripley Lake,74.8,48.9,,,,,421.0,16.2,29.6,,2.0,,,,1.0,110293.71,831726.82
7324,Fourche Lake,179.5,543.9,68.6,3.3,,,17562.4,1479.4,874.8,66.1,57.1,2004.5,,9.0,4.2,299978.23,32017464.03
7095,Van Meter St. Park Lake,33.3,,,,,,347.3,,,,,78.7,48.9,,,45935.43,764494.44
7011,Ella Ewing Community Lake,42.5,3.0,1.2,,,,148.6,,0.8,,,98.1,622.7,,4.0,80348.55,1428707.30
7054,Lake St. Louis,3434.0,10595.8,15548.8,13617.0,4170.7,316.9,32916.1,565.6,11271.6,409.5,1455.3,27817.2,29290.4,828.0,170.8,2963703.82,226120654.21
7055,Lake Sainte Louise,292.4,327.8,1063.1,627.4,126.2,,114.3,,63.5,,2.0,11.5,,3.0,25.5,476783.95,3943054.41
7246,Callaway Lake,824.1,1161.4,701.7,147.5,12.0,7.8,15213.8,57.4,1424.0,44.1,223.5,6378.7,8992.5,68.0,1.0,899079.51,52172895.73
7233,Schell Lake,2341.8,1398.2,420.6,234.7,24.2,7.0,4389.5,5.0,159.0,245.0,129.0,15350.1,10722.0,2052.6,2150.6,2426281.17,57528238.38
7234,Atkinson Lake,1900.3,447.5,44.2,31.0,6.0,2.0,1921.7,,88.9,17.5,16.1,2670.5,6571.6,147.3,48.6,2834351.78,20193099.15
7297,Lac Capri,521.7,421.8,182.9,31.2,0.5,3.0,483.1,,7.0,0.4,3.9,10.9,,3.0,4.4,708449.39,2424503.92
7301,Monsanto Lake,83.5,12.4,,1.6,,4.4,1798.9,66.5,65.3,,,,,,,118146.48,2936030.72
7302,Cedar Lake,177.8,429.2,171.4,38.5,0.1,10.1,754.5,90.7,1131.6,21.0,90.1,2115.1,,,,285187.78,7281675.10
7304,Lake Timberline,238.1,953.4,113.1,21.5,1.1,,3624.6,145.6,179.3,,102.3,163.0,,3.0,,253390.48,8052637.80
7499,Pim Lake,22.5,77.9,8.0,9.2,1.0,14.0,1123.8,,,,14.0,1.8,,,,45256.74,1837694.32
7605,Lac Carmel,251.2,332.9,152.2,15.0,,,842.6,,23.5,,16.7,22.3,,1.5,,360082.27,2401661.81
7607,Lac Bergerac,55.9,163.7,80.0,15.2,0.4,,201.4,,,,3.0,1.0,,3.0,2.1,46201.00,761753.73
7608,Lac Michel,28.1,9.5,4.6,0.4,,,20.4,,,,,,,0.8,,46446.29,92321.83
7609,Lac Darcie,10.0,57.6,14.9,1.4,,,82.4,,,,,,,,,26898.53,240825.70
7610,Lac Bourbon,24.7,62.5,29.8,1.7,,,137.9,,2.0,,1.0,3.6,,,,43269.67,381844.95
7611,Lac Renee,12.1,1.8,0.1,,,,9.4,,,,,,,,,28110.96,33907.98
7612,Lac Veron,12.5,35.0,14.3,,,,63.2,,,,2.0,2.8,,,,19766.59,188197.87
7613,Lac Tiffany,13.0,47.5,2.3,,,,74.4,,,1.9,2.0,,,,,27484.92,204299.93
7614,Lac Marseilles,232.9,556.9,191.5,24.1,,2.0,574.9,17.1,186.9,,,11.1,,2.0,2.0,309575.00,2607824.94
7615,Lac Catalina,19.7,83.6,46.0,1.0,,,159.1,,3.3,,2.0,9.0,,,,31937.46,468599.00
7616,Lac Benet Lake,22.1,50.5,24.5,1.7,,,94.9,,,,,,,,,42888.25,280340.97
7617,Lac Lafitte,156.5,236.2,140.2,26.7,3.0,2.0,1339.7,94.9,401.9,,3.3,5.0,,3.0,,234174.11,3492808.55
7618,Lac Calista,13.3,63.1,31.7,5.9,1.0,,272.7,11.2,84.9,,,,,,,29316.12,700533.34
7265,Goose Creek Lake,1205.3,3124.3,860.7,316.3,20.0,27.6,9674.9,619.1,1006.3,76.3,46.0,4278.6,,4.0,3.0,2056316.55,30850662.73
7266,Lake Wanda Lee,856.2,2264.5,826.0,185.9,10.9,121.3,33045.1,3819.4,9820.7,253.9,420.2,12651.2,18.4,17.0,10.7,632646.65,93120744.77
7481,Lake Ski,370.7,422.2,88.9,12.2,,4.0,13503.5,101.2,688.5,153.1,44.3,354.1,,5.0,10.4,416749.37,22833692.01
7482,Lake Ocie,259.7,1067.3,453.5,112.1,5.9,5.3,14302.3,1160.7,3700.4,99.0,194.3,7543.7,,8.0,4.0,400661.96,41854054.28
7145,Sears Community Lake,69.4,1.8,2.0,1.0,,,575.7,,38.9,,3.1,222.1,,0.5,1.0,223237.77,1416697.32
7239,Austin Community Lake,74.0,70.1,41.4,9.0,,,221.5,13.8,35.5,48.2,6.0,620.3,,,,134268.33,1618193.57
7245,Roby Lake,26.2,,,,,,33.1,,0.0,,,,,,1.0,65542.01,86405.68
7247,Lake Sherwood,726.1,1490.5,504.9,91.1,3.0,21.7,7469.2,10.4,256.7,20.0,18.2,1134.3,960.8,13.0,11.0,1129085.53,18827290.06
7248,Lake Lucern,339.3,451.1,134.5,18.3,2.0,10.4,2602.2,59.4,679.2,3.0,32.3,960.9,256.6,10.0,3.0,284955.69,8251721.76
7489,Alpine Lake,1429.0,1068.3,230.8,57.7,1.0,41.6,6015.2,97.6,592.5,,98.3,932.1,107.6,,14.0,1550430.65,15847729.08
7492,Lake Innsbrook,585.2,891.7,202.5,20.8,4.0,11.0,5344.9,258.4,1059.6,15.0,137.8,1185.0,373.9,15.0,11.0,245495.02,15005078.83
7291,Parole Lake,19.9,236.3,3.5,1.0,,,1582.8,884.0,424.7,,139.9,1.0,,23.9,12.6,286961.57,4815654.39
7292,Lane Lake,43.4,154.7,,,,,1575.4,53.0,102.7,,6.0,,,,,58696.31,2800822.92
7294,Sunnen Lake,1007.1,2861.4,509.4,108.9,8.0,24.8,51161.8,4810.2,6241.3,1232.2,826.2,5614.8,,32.3,10.4,1342504.28,107782279.77
7295,Elsie Lake,80.0,311.7,18.3,3.5,,,4889.3,372.8,372.3,549.5,154.4,651.0,,1.0,3.0,109877.18,10718817.77
7298,Potosi Lake,120.1,317.0,140.0,11.4,,1.0,1277.3,,19.3,179.6,41.2,622.6,,9.0,5.2,161841.08,3971857.06
7300,Wing Lake,85.8,242.6,15.6,0.0,,,3251.3,14.0,181.3,16.0,50.5,72.0,,6.0,6.0,128862.88,5679967.56
7430,Howell Mill Lakes,55.3,115.4,,,,,2991.3,617.2,311.2,14.0,26.4,167.9,,11.3,2.8,255351.15,6236404.24
7441,Palmer Lake,275.6,172.9,21.0,,,,1821.0,342.0,120.1,27.8,51.0,3.5,,,46.0,660083.79,4162784.60
7606,Lac Shayne,347.3,362.2,93.1,23.8,1.0,3.0,654.4,,10.0,20.1,22.9,76.9,,,,494771.32,2338727.24
7058,Charity Lake,22.4,113.9,21.8,3.0,,,2148.7,,,,84.2,226.8,21.5,,,65475.12,4114168.74
7110,Worth County Community Lake,70.3,48.0,6.0,1.0,,,122.7,,,,1.8,891.9,20.5,,3.0,117345.12,1810291.76
7325,Lower Taum Sauk Lake,1814.7,4198.4,318.4,162.0,23.0,606.8,215842.6,3057.6,12381.5,1715.7,1463.6,5403.8,,508.0,167.0,1058259.83,355487066.12
7406,Pinewoods Lake,73.0,20.5,3.0,,,,69.4,328.2,159.3,3.1,2.0,,,14.0,7.0,205939.28,958519.97
7644,Happy Holler Lake,301.6,198.5,62.4,6.1,1.0,1.0,3058.8,,,0.7,108.8,2797.9,3491.8,15.0,38.1,467060.01,15488045.20
7043,Kiwanis Lake,9.9,110.7,192.9,199.3,108.1,,25.0,,38.2,,3.0,5.0,,,,23233.39,1038133.06
7044,Lakeview Park Lake,98.9,261.9,705.7,380.8,162.9,5.0,162.1,,67.6,5.0,20.7,412.3,460.1,6.0,1.1,163566.31,4122654.88
7045,Teal Lake,385.5,491.3,515.9,465.9,220.8,1.0,2878.5,6.0,538.9,57.4,26.0,5792.5,5531.9,161.8,20.2,557771.06,25607767.99
7046,C and A Lake,464.5,823.7,513.2,467.8,283.9,8.0,1420.9,,140.0,10.0,44.5,1266.0,3192.4,46.4,1.0,263658.06,13019982.26
7051,Vandalia Community Lake,138.6,32.9,45.0,12.0,,,138.0,,24.0,8.0,20.0,160.8,1369.1,25.0,30.7,236690.20,3011566.77
7385,Harmony Mission Lake,480.8,177.1,22.2,10.0,,,1176.7,,32.0,43.0,42.0,1770.8,3275.3,38.0,11.1,608439.11,10302562.22
7404,Strip Pit 1,16.1,1.0,,,,,29.8,1.0,0.1,,0.7,1.1,,3.3,12.1,44965.52,95216.62
7447,Settles Ford C.A. Lakes,15190.6,72036.8,73183.0,18612.6,4330.5,4312.1,259829.6,19.0,2472.4,4389.4,4799.5,820421.2,452237.0,36911.7,3451.4,6399922.87,2612294222.72
7684,Strip Pit 2,11.1,4.9,,,,,28.9,,1.4,,0.8,0.5,2.0,1.6,1.1,29414.05,76063.92
7685,Strip Pit 3,,,,,,,16.5,,,,1.1,,5.1,13.6,4.9,39657.49,60127.49
7686,Strip Pit 4,0.5,0.1,,,,,2.5,,5.2,,,4.7,0.5,5.3,5.3,22567.17,35273.10
7687,Strip Pit 5,10.3,,,,,,3.2,,7.6,,0.5,0.0,,20.7,,41567.03,61906.71
7688,Strip Pit 6,11.7,19.1,6.7,3.9,,,1.3,,13.9,5.2,2.6,108.8,47.1,2.7,2.5,14104.72,328315.53
7689,Unnamed Lake,22.8,,,,,,10.4,,11.9,,,,1.1,11.8,0.8,41644.56,85694.06
7367,Big Buffalo C.A. Lakes,127.8,1564.3,136.7,36.9,4.0,5.0,58045.3,48.4,567.0,169.0,153.6,7448.9,,270.6,91.5,50414.29,100693559.69
7200,Rocky Fork Lake,397.7,332.1,231.1,59.2,5.0,14.0,6399.2,293.4,1374.4,38.8,75.2,5673.7,2296.2,22.0,17.0,369626.71,25772555.22
7202,Bo Co Mo Lake,391.3,254.2,281.1,56.2,1.9,,2102.7,63.6,836.7,52.5,62.1,4039.4,569.9,8.4,22.4,458420.68,13072035.25
7417,Antimi Lake,,83.2,37.5,30.7,6.0,,3.5,,,,,2.9,,,,13263.75,244408.73
7423,Cosmo-Bethel Lake,22.0,13.3,5.7,8.4,1.7,,3.5,,,,,2.5,,,1.7,41192.36,87783.25
7436,Lake of the Woods,8.5,6.4,1.2,1.0,,,6.0,,,,,,,,,14992.29,34405.11
7624,Tri-City Lake,110.2,25.1,5.4,0.7,,,500.4,,12.2,11.5,2.9,31.9,586.9,8.0,2.0,183984.83,1946434.32
7628,Perry Phillips Lake,163.1,26.4,169.2,333.2,110.4,,3.8,,1.0,,3.0,354.5,48.5,,,273858.94,1805833.89
7635,Welch Lake,176.5,266.6,213.2,92.6,6.6,2.0,2240.7,16.1,338.2,6.0,17.0,3459.6,2544.0,93.7,,49491.07,14131649.43
7645,Monte Gurwit Lake,45.8,11.1,15.5,7.1,,,503.6,,3.7,,,64.2,,,1.0,71961.91,977147.40
7647,Dairy Farm Lake Number 1,52.8,9.5,1.1,,,,,,4.4,,1.0,134.7,322.4,3.2,2.2,93105.82,793076.14
7654,Lake of the Woods Country Club Lake Number 2,,4.4,1.2,,,,,,,,,,,,,8326.09,8326.09
7062,Cut-Off Lake,2516.0,1647.0,1468.4,732.7,458.3,125.3,2294.7,,3.3,7.0,203.9,2626.9,11935.8,442.3,768.8,1017676.33,38493125.72
7063,Browning Lake,1733.8,1557.0,1365.9,718.5,456.9,121.3,2277.2,,3.3,7.0,198.2,2495.3,10887.1,358.7,472.3,1603307.31,34560593.61
7065,Old Mud Lake,570.5,545.9,450.2,87.1,3.0,0.8,10792.3,,149.4,55.0,350.7,1220.3,7690.1,79.9,115.7,931816.25,33592173.91
7066,Horseshoe Lake,254.4,26.6,64.9,7.5,,,201.5,,17.0,,0.0,28.9,671.2,,87.1,467748.70,2067316.30
7365,Belcher Branch Lake,208.6,163.6,98.0,13.0,1.6,30.8,859.1,,8.0,0.9,11.9,2529.9,1079.7,5.0,19.6,306322.58,7633466.82
7177,Glover Spring Lake,115.5,53.2,35.3,11.8,,,1176.1,18.0,169.0,4.7,16.4,1427.1,130.9,1.8,6.0,153292.82,4705128.19
7178,Henke Lake,146.5,432.3,292.5,93.7,5.0,,6806.9,87.0,603.4,16.0,26.6,7994.8,1753.9,13.0,7.1,149541.45,27092195.10
7179,Paul Herring Lake,429.0,600.5,328.4,131.1,5.0,52.0,4709.1,267.7,1133.3,42.0,101.8,5790.6,468.1,19.0,11.0,296120.21,20897713.29
7180,Little Dixie Lake,880.9,240.5,200.8,57.8,11.2,4.5,2576.4,32.2,189.4,20.0,29.0,3557.5,2563.4,47.0,17.0,1335356.41,15529826.29
7251,Big Lake,142.9,,,,,,522.1,,18.0,,28.3,310.5,323.2,7.0,19.9,161338.61,2045303.94
7666,Windy Lake,39.5,,,,,,33.7,,3.8,,0.4,0.9,173.0,3.9,9.8,87000.79,395202.40
7667,Pond Number 6,0.6,,,,,,0.7,,2.3,,,,,,,5311.25,5311.25
7668,Pond Number 5,,,,,,,24.8,,0.1,,,55.2,,,,5099.57,119541.37
7669,Pond Number 7,0.4,,,,,,3.1,,,,,,,,,5292.12,5292.12
7670,South Lake,6.5,,,,,5.0,51.9,,,,,150.0,6.3,,,13179.10,327685.97
7671,Pond Number 4,,,,,,,50.6,,,,,1.3,,,,4134.65,77566.39
7672,Pond Number 3,0.8,,,,,,1.8,,,,,0.6,,,,4785.55,4785.55
7673,Twin Lake Number 1,4.0,,,,,,27.4,,,4.9,,4.5,,,,9343.02,60776.46
7674,Twin Lake Number 2,5.2,,,,,,64.3,,,12.3,,41.1,,,,7251.52,183467.34
7675,Horseshoe Lake,18.9,,1.0,0.6,,,13.0,,1.0,,,5.9,,,,29933.73,60195.63
7676,Turtle Rock Lake,4.4,1.6,0.4,,,,3.3,,1.2,,,6.5,,,,13242.42,26099.40
7677,Pond Number 2,1.7,,,,,,2.8,,,,,0.6,,,,7561.31,7561.31
7678,Pond Number 1,12.8,,,,,,7.8,,0.3,,,10.5,,,,19885.55,47133.43
7679,Buffalo Lake,8.9,,,,,,5.7,,,,,7.6,24.6,,,12226.14,69926.80
7680,Pond Number 8,,,,,,,38.7,,,,,31.0,1.9,,,8309.13,106721.46
7681,North Lake,20.9,21.0,7.1,,,,54.1,,,,,63.7,74.6,15.0,,48017.65,382713.57
7648,Autumn Lake,19.3,29.4,25.4,5.4,,,148.0,,,,,,,,,26755.89,332229.57
7649,Treeline Lake,133.7,238.1,77.6,32.9,,1.0,706.0,,,,1.3,4.0,,3.0,1.0,194210.82,1749167.94
7311,Lake Girardeau,619.5,244.2,45.2,5.6,1.0,4.0,5389.0,,29.0,,22.0,1258.7,147.3,3.2,7.2,924327.42,11079828.38
7081,Carrollton Recreation Lake,300.5,,0.1,,,,,,,,,,970.4,1.0,64.9,414239.20,2013638.67
7394,Little Compton Lake,230.1,123.3,31.0,6.5,,1.0,278.1,,,,2.1,393.5,1979.4,283.0,78.7,245928.34,5164457.06
7210,Loch Leonard,148.9,280.3,275.2,143.1,27.3,,232.3,,7.0,,6.0,67.9,,,4.0,182365.91,1769170.34
7216,Lake Luna,286.0,546.4,443.3,139.8,13.7,4.0,936.6,,,8.0,7.0,3303.8,209.7,3.0,5.0,141421.60,8734022.02
7218,North Lake,198.8,123.1,222.6,15.2,,1.0,753.3,,18.7,,1.0,4053.3,1865.2,5.0,2.0,250893.66,10742095.25
7220,Lake Annette,2770.3,20507.4,24905.3,6317.4,1080.7,1876.0,42968.7,,560.9,362.0,1011.4,127584.3,40130.3,2303.9,220.0,365335.63,403771659.89
7221,Silver Lake,212.0,363.2,1121.0,319.8,13.6,,,,,,,59.6,,,1.0,362603.25,3102435.66
7224,Lisle Pond,103.3,101.7,40.4,3.6,1.0,,2072.9,,39.0,20.1,30.0,1914.8,330.2,3.0,4.0,148203.18,6876444.95
7360,Amarugia Lake,180.7,93.3,18.8,0.4,,,1698.3,,,20.0,10.0,1740.6,99.8,9.0,0.5,272248.57,5702400.95
7638,Harper Lake,75.0,112.8,198.5,106.8,5.5,,54.0,,11.0,,3.0,817.4,15.5,,46.0,174749.00,2140420.72
7639,Unnamed Lake,2.0,,,,,,3.1,,,,,0.8,,,,8653.22,8653.22
7080,Cut-Off Lake,3793.1,2462.8,2253.8,453.3,48.0,73.6,16323.2,28.0,307.3,116.0,363.0,56323.6,42955.9,3659.8,2856.5,4802953.28,199557008.26
7139,South Pool-Levee 3,21927.1,37163.2,28935.4,6269.7,1051.3,1230.8,185292.6,2260.0,15790.6,1496.9,4768.8,824221.1,375827.7,67737.4,19344.8,1798115.67,2438740619.64
7140,Silver Lake-Levee 3,17145.8,30362.1,19610.7,3810.1,544.6,645.5,168040.0,2203.0,13863.9,1375.3,3622.0,737874.0,215145.7,46382.3,10357.0,12463089.05,1947505493.66
7141,Swan Lake-Levee 5,2614.2,850.9,1034.8,175.1,9.0,315.0,563.6,,14.0,,254.8,1207.1,25345.1,2334.6,3136.4,6382332.98,57547207.64
7170,Salisbury City Lake (Pine Ridge Lake),121.1,75.8,41.4,19.9,1.5,,317.3,,19.1,24.0,47.5,567.2,288.2,1.0,2.0,172651.14,2303041.07
7008,Fox Valley Lake,426.9,37.5,22.1,2.0,,,2016.7,130.5,,17.0,133.4,1268.0,532.0,1.0,14.0,735961.82,7170043.50
7010,Bear Creek Watershed Structure F-1,223.0,219.1,108.8,4.0,,,2392.9,22.0,27.0,,24.0,2376.5,2344.1,34.0,5.9,187825.66,12062061.15
7086,Rocky Hollow Lake,127.2,887.8,1285.2,406.4,116.8,7.0,1649.0,,31.1,39.3,47.4,3985.4,868.2,10.0,21.0,114041.77,14297590.38
7090,Cooley Lake,192.0,167.1,90.6,27.2,5.0,36.0,847.2,,,,42.0,357.7,2091.2,382.5,1151.9,2560863.29,8102881.13
7634,Chaumiere Lake,,8.1,3.7,3.6,,,,,,,,,,,,23047.42,23047.42
7079,Plattsburg 6 Mi. Lane Lk.,194.0,37.9,58.0,4.9,,,136.5,,,,1.0,955.1,1885.5,50.2,5.5,282307.02,5053646.29
7125,Burlington Lake,88.5,964.6,1401.2,460.6,67.0,10.3,567.1,,5.0,4.0,14.5,1665.0,1010.1,,,143805.91,9534649.45
7126,Lake McGinness,274.7,7.0,65.5,4.2,,,,,,,1.0,382.2,2150.1,20.0,10.0,339718.30,4419309.31
7185,Binder Lake,548.5,1928.4,2312.2,2013.9,479.4,69.4,2443.8,412.2,1067.8,26.6,91.0,3882.0,,38.2,27.2,888871.38,22629129.14
7203,Winegar  Lake,48.8,27.1,2.1,,,,327.2,,38.6,19.6,1.0,289.1,,5.0,,54648.92,1115611.90
7375,Jaycee Park Lake,23.5,45.4,38.2,12.0,3.2,3.6,4.4,,30.4,,2.0,111.4,,,,53497.64,404247.78
7388,Hough Park Lake,37.7,253.2,26.2,7.0,1.0,,45.3,,1.9,,,14.1,,,,27471.33,569221.05
7399,Sunset Lake,32.0,8.9,47.6,40.5,14.7,,0.9,,,,,2.0,,,,80187.78,216385.09
7437,Lamine River C.A. Lakes,1186.4,13815.1,3318.7,1004.2,483.4,672.1,168683.8,2529.6,14278.5,3347.3,1693.8,163984.3,17254.6,1305.1,104.0,246975.97,580024719.20
7444,Johnson Lake,43.7,9.6,,,,,134.1,,14.0,,0.7,71.9,,,,90462.44,406237.54
7662,Cattail Lake,11.9,16.2,1.0,,,,88.9,,12.6,31.7,2.5,64.2,23.5,,,29394.54,374642.85
7448,Sullivan City Lake,12.7,13.4,5.9,,,,14.6,,2.8,,0.2,1.1,,,,44820.61,73769.17
7117,Buffalo Bill Lake,222.5,71.4,88.8,4.0,,,2061.1,,94.1,194.0,35.0,1815.9,1058.4,29.0,38.9,298741.58,8727723.54
7281,Shawnee Lake - Turner,144.0,93.3,74.4,9.0,1.0,,1006.6,53.0,33.5,,7.0,666.4,,9.0,20.0,98461.71,3044783.53
7282,Mac Lake - Ziske,78.4,64.8,42.9,2.5,,,487.4,53.0,25.0,,5.0,416.8,,3.0,14.6,177502.87,1716682.61
7359,Lonedell Lake,230.2,453.9,62.1,4.0,,,2126.7,31.0,318.9,42.2,77.8,87.2,,8.0,5.0,208010.72,5032110.95
7373,Camp Solidarity Lake,44.9,75.5,97.8,27.0,3.0,,229.9,5.0,136.1,,,44.4,,,,65155.00,975901.23
7377,Cool Valley Lake,306.2,583.4,99.9,5.0,,,3005.6,31.0,374.3,42.3,89.9,203.1,,8.0,7.8,122989.54,6944330.27
7380,Crescent Lake,20.9,3.4,3.2,1.0,,,22.6,,8.0,,,6.2,,,,54208.14,96023.27
7381,Fawn Lake,132.0,357.0,142.6,6.2,,,969.3,61.7,630.2,,5.0,290.5,,1.0,1.0,189629.21,3819112.29
7382,Foxboro Lake,103.4,242.1,147.5,27.2,,,1735.3,6.0,172.1,11.0,11.0,173.2,,,1.0,149544.88,3858659.39
7396,Lions Lake,38.0,49.6,55.0,11.1,4.7,,9.4,,47.4,,0.8,248.4,,,,78330.05,684708.69
7401,Mineral Lake,34.6,54.2,10.3,,,,1098.9,,97.7,,,8.1,,,4.0,62085.92,1920283.97
7409,Port Hudson Lake,255.0,119.8,96.0,5.0,,1.0,3032.0,39.1,500.1,142.0,20.0,549.0,,,2.0,347419.56,7000806.42
7414,Lake Torino,33.8,71.8,5.2,2.0,,,72.4,1.1,83.2,,1.0,33.9,,,,52851.86,446369.77
7427,Gerald City Lake,35.4,50.2,51.6,7.0,1.0,,277.2,,12.3,2.0,2.0,100.8,,,2.0,36446.49,794236.60
7428,Hermit Hollow Lake,46.8,70.9,33.2,3.9,,,796.3,,38.5,,13.0,24.1,,,,55844.00,1512178.54
7452,Union City Lake,16.8,8.7,24.5,7.9,0.1,,31.2,,2.1,,,,,,,32348.16,134629.03
7652,Unnamed Lake,30.6,6.4,18.3,1.3,,,59.1,,59.1,21.0,11.7,88.2,,,,55637.16,434067.24
7253,See Tal Lake,49.2,83.7,25.0,7.7,,,214.7,,16.1,,7.0,16.7,,0.1,0.5,86443.63,622438.23
7366,Tea Lake No. 1,127.8,98.5,24.4,5.5,,,2540.0,135.3,393.1,5.0,21.9,498.4,,1.0,3.0,176390.76,5643512.98
7449,Boggs Lake,159.9,48.9,7.8,0.0,,,1497.2,40.0,154.6,22.0,12.9,446.9,,1.0,4.7,211032.52,3530776.61
7653,Arno Kreter Lake,15.9,17.3,8.3,1.8,1.0,13.0,152.4,5.3,0.6,7.1,3.0,1.3,,,1.6,33267.81,334227.19
7111,Limpp Community State Lake,156.8,285.7,325.2,110.5,32.3,,108.3,,19.0,,14.0,1818.7,893.2,,4.0,188558.80,5795844.56
7312,Lake Springfield,1688.0,34277.1,41833.9,19557.7,4429.9,1367.6,262156.5,3272.8,25047.2,6254.2,3899.0,363747.2,3613.9,713.7,266.0,1868119.49,1097428028.56
7412,Sequiota Park Lake,75.7,1097.1,7120.8,3603.0,1624.8,0.9,406.0,,279.3,,27.0,108.5,,,3.0,15842.59,20372171.99
7107,Panther Creek D-1 Lake,99.8,295.5,63.4,3.0,,,1329.7,18.0,139.7,36.0,28.0,6866.2,1108.6,,11.0,193325.27,15537400.55
7208,Montrose Lake,8531.5,10161.9,3046.1,460.4,92.5,384.1,42115.6,51.0,1435.3,604.0,1118.6,187205.3,117901.1,22576.4,2091.3,9509570.34,582158412.98
7226,Tebo Freshwater Lake,2791.0,2838.4,854.1,121.3,16.1,5.0,29712.1,21.0,661.4,478.2,563.7,58978.0,18638.3,689.7,248.0,1648589.76,171735682.87
7376,Strip Pit 1,19.6,49.2,15.1,1.0,,,296.5,17.0,58.0,,,408.9,0.1,9.4,1.6,74646.20,1289298.38
7408,Poague C.A. Lakes,211.5,48.0,34.3,5.0,,5.0,24.6,,12.0,,10.5,62.2,1620.9,1364.7,176.0,744008.23,5251245.94
7682,Pond Number 2,12.3,,,,,,11.3,,,,,1.7,,,,24573.91,37346.20
7683,Pond Number 3,10.9,13.5,2.0,,,,50.8,,,,,300.2,,,,19135.74,555621.68
7060,Squaw Creek NWR Pools,1175.9,8412.9,2858.0,964.3,98.4,178.6,7424.2,1.0,7.0,33.0,1624.3,16931.3,178702.6,4030.4,23486.1,26397886.90,379893664.04
7183,Peters Lake,235.2,147.8,78.5,8.9,,,2968.9,,102.5,51.9,84.5,1829.7,254.8,1.0,4.5,420631.10,8651672.18
7184,Davis Lake,176.0,99.1,31.2,4.0,,,736.9,8.0,90.1,,3.5,429.5,0.6,1.0,13.0,293565.29,2387105.30
7642,Bennitt Lake,167.0,131.1,22.8,0.6,,19.0,2551.5,,,,4.0,55.2,,,4.0,317989.98,4442298.59
7395,West Arrowhead Lake,290.6,399.3,356.3,119.0,21.0,34.0,1137.1,51.0,127.4,2.6,158.6,4988.8,,3.0,5.0,368095.45,10784288.19
7334,Crane Lake,315.0,702.7,40.0,4.0,,9.0,19707.5,671.2,1213.7,31.0,56.0,980.9,,2.0,42.0,702050.07,34007858.24
7413,Snow Hollow Lake,130.4,102.9,4.1,,,,1783.0,,21.4,,1.0,37.0,,,,196980.15,2989431.59
7096,Wildwood Lake,56.0,634.1,1086.7,255.7,311.1,,3.0,3.1,,,,,,,,112834.28,3507065.44
7209,Lone Jack Lake,141.5,104.8,55.1,4.1,,2.6,619.7,,,3.0,15.9,871.3,417.6,,,209813.99,3326407.45
7370,Bluestem Lake,64.5,13.1,12.7,0.7,,,233.4,,,1.0,9.5,342.6,12.0,,2.0,92547.85,1028372.58
7371,Bodarc Lake,55.2,,,,,,52.3,,5.4,,0.5,,,0.9,2.2,91019.21,173449.44
7374,Catclaw Lake,161.0,18.0,16.5,19.4,1.0,,200.4,,,,34.1,191.6,1176.9,26.0,4.0,269748.42,2751181.93
7378,Coot Lake,84.6,29.0,29.8,10.4,,,457.4,7.0,34.8,,40.1,456.2,14.4,1.0,,138700.97,1731956.38
7379,Cottontail Lake,420.0,108.7,159.8,114.6,2.5,,1011.9,1.0,6.0,15.0,130.9,1020.8,1793.8,32.0,10.0,159084.23,7182097.52
7383,Gopher Lake,821.8,264.0,320.0,122.8,2.5,,2555.8,1.0,53.3,16.0,192.8,2328.9,1997.7,34.0,21.9,258285.89,12990555.60
7391,Jackrabbit Lake,159.9,78.8,119.1,89.4,1.5,,533.0,1.0,6.0,,83.9,485.3,311.2,3.0,1.0,189709.47,2787288.50
7403,Lake Nell,108.9,68.7,61.0,3.5,,,468.4,,11.0,,17.7,558.8,98.0,1.0,2.0,173087.35,2081093.59
7407,Plover Lake,55.1,60.9,41.2,38.5,1.5,,206.7,,,,39.8,130.4,4.1,,0.6,90932.67,861122.20
7629,Lake of the Woods,28.2,,3.5,4.6,,1.6,12.2,,,,2.0,,,,,46144.79,77783.52
7640,Unnamed Lake,6.0,0.4,,,,,4.0,,,,19.2,188.7,488.8,,,42715.07,1052384.82
7657,Knox Village Lake,,49.3,226.6,366.5,268.3,,,,,,,11.6,,,,18843.24,1373772.43
7658,Unnamed Lake,0.8,3.0,2.5,2.6,,,0.1,,,,,,,,,13356.75,13356.75
7357,Oscie Ora Acres Lake,2513.3,37306.4,25604.6,15087.3,4003.3,8480.4,164075.7,449.1,5378.7,3074.5,3978.4,486643.4,47061.7,7149.9,468.0,276708.58,1148846505.96
7466,Spring Lake,359.0,421.6,211.1,43.1,,6.0,1746.2,89.0,519.8,25.1,24.3,520.3,,8.0,3.0,34467.07,5799437.44
7558,Flat Rock Lake,107.7,522.3,268.8,24.5,1.0,,6763.0,268.6,1272.7,14.6,169.1,1159.2,,,2.0,114670.64,15463646.85
7651,Lakes of Deerwood Number One,49.4,81.9,83.5,,,,101.6,,60.3,,,11.0,,,,49468.09,568084.73
7690,Unnamed Lake,136.0,168.4,120.5,61.6,2.0,,1938.6,37.7,205.2,30.0,,383.5,,,4.9,244448.48,4492321.93
7194,Holden Lake,70.8,63.3,73.7,8.5,,,220.8,,,,3.0,816.7,2509.2,15.0,9.0,91271.26,5609042.85
7195,Holden Lake,88.4,75.2,113.0,10.0,,,419.4,,,,3.0,2317.3,1981.2,36.0,13.0,110389.05,7485040.66
7196,Clear Fork Lake,61.0,38.1,3.7,,,,2057.4,3.7,,8.0,185.9,130.1,,16.0,14.0,98627.46,3732473.99
7387,Hazel Hill Lake,312.3,200.7,58.3,15.4,2.0,2.6,954.4,,4.0,10.0,14.8,3655.0,1877.9,2.0,6.0,420489.88,10575943.93
7397,Lions Lake,121.9,707.8,584.5,507.8,137.0,,1041.3,,11.2,,30.8,179.2,,3.0,3.0,87283.41,4931221.68
7442,Perry C.A. Lakes,15515.6,64331.8,52499.0,14899.2,4985.7,1961.7,391856.9,1151.3,5730.1,4947.2,10875.5,862832.3,387901.1,32638.6,5529.7,2151644.32,2755287243.72
7469,Lake Buteo,23.9,429.4,267.1,161.4,17.3,,389.9,,48.8,,26.0,25.1,,4.0,0.8,46245.92,2065381.79
7665,Morel Lake,3.3,15.1,,,,,1548.3,0.1,,8.0,69.9,122.1,,,2.9,13498.36,2623624.68
7027,North Sever Lake,678.0,1189.8,1270.7,298.9,76.0,84.6,5207.3,5.0,249.5,123.0,371.4,25749.3,26595.9,1398.5,200.0,124548.16,98237826.66
7398,Maple Leaf Lake,571.4,91.8,149.8,93.3,,14.2,565.5,,,,19.2,1390.7,820.6,11.0,57.9,915371.48,5649238.17
7015,Deer Ridge Community Lake,192.1,63.7,11.6,1.0,,,948.7,,1.0,6.0,64.9,507.7,188.1,1.9,3.6,313543.90,3072367.72
7050,Whiteside Lake,78.7,5.8,,3.0,,,333.6,,5.1,21.9,,225.3,34.4,,3.3,152482.28,1067664.04
7555,Clarence Cannon Memorial Watershed Structure Number 1 Reservoir,297.0,812.5,473.3,90.7,14.0,11.0,7912.0,5.0,979.6,1.0,125.5,11282.7,9704.0,2.5,3.0,156639.69,47534278.07
7655,Clarence Cannon Memorial Structure Number 4,70.7,322.3,140.4,9.6,,,5179.6,4.0,293.1,18.0,52.0,3661.8,970.8,,1.0,61390.37,16087749.07
7656,Clarence Cannon Memorial Watershed Structure Number 15,91.0,384.1,209.4,27.9,4.0,,2582.9,5.0,498.9,,5.8,4887.7,6098.7,2.5,3.0,135272.25,22181694.38
7147,Fountain Grove Lakes,3129.8,8257.8,4747.4,579.7,45.8,169.3,22524.5,15.7,3983.6,283.0,1055.8,102275.9,138152.4,14862.3,8077.1,9339389.59,471471371.49
7389,Indian Creek Community Lake,1047.4,126.0,101.0,1.4,,,3542.2,,44.0,4.0,85.3,4142.0,1513.4,10.0,14.0,1369274.79,16285335.86
7168,Macon Lake,879.6,417.0,574.8,195.8,37.5,,2470.4,21.0,65.1,6.7,68.5,1872.9,263.1,28.8,66.0,1293940.94,10624611.36
7169,Bevier Lake,20.2,10.3,35.0,18.5,8.0,13.4,34.4,3.8,6.5,1.6,7.3,497.3,20.9,,,31522.14,1032394.54
7559,Deer Run Lake,184.4,513.3,185.3,18.6,1.0,9.4,9902.8,72.8,667.6,1333.6,46.3,2430.1,260.0,7.0,26.0,200749.19,22521616.25
7204,Rinquelin Trail Community Lake,127.7,130.7,13.8,5.0,0.4,,1549.9,32.9,86.0,48.8,11.2,432.1,,1.0,4.0,175916.39,3555555.03
7419,Belle City Lake,19.9,30.3,27.3,7.7,1.0,,4.1,,0.0,,,5.9,,,,37104.93,140834.65
7129,Twin Lake,317.5,176.6,182.2,12.5,,,508.9,46.0,364.5,17.0,41.0,1041.2,2.5,,13.0,346335.02,4242238.94
7132,Lake Paho,1136.2,301.2,157.8,9.8,6.7,,2678.4,1.0,299.3,25.0,19.3,7077.3,842.2,22.3,21.0,1652855.60,19583580.36
7274,Delaney Lake,425.1,52.0,58.4,32.6,6.0,,,,,,,,1509.0,674.0,26.7,633034.64,3932040.93
7349,Big Oak Tree S.P. Lake,22.0,,1.0,,,,1.0,,,,70.0,,,358.1,15.7,205857.31,655174.45
7350,Ten Mile Pond,213.9,2212.1,3309.7,1561.6,433.8,36.7,67.6,,,3.0,,3.0,178394.7,13937.7,1122.0,458542.17,283159233.84
7351,Tom Bird Blue Hole,26.8,,,,,,,,,,,,,3.8,2.4,39862.82,46489.50
7352,Thirtyfour Corner Blue Hole,35.2,0.3,,,,,,,,,,,29.9,60.5,3.0,66169.55,181367.07
7198,Manito Lake,303.9,175.4,111.4,22.7,1.0,9.0,1807.8,2.5,67.3,341.3,72.0,2807.6,1033.6,72.0,12.0,491892.41,10088319.17
7445,Railroad Lake,27.0,197.7,466.9,260.5,99.1,,4.3,,6.9,5.0,,118.7,0.6,7.1,,49728.93,1763246.12
7663,Church Lake,7.9,14.5,1.5,1.3,,,26.4,,4.0,16.2,,60.3,112.7,,,21555.72,363385.62
7052,Golden Eagle Lake,657.1,120.4,64.7,8.8,1.6,,459.7,,189.5,,13.1,294.8,1739.7,83.3,14.0,700582.45,5428712.76
7252,Lone Tree Lake,77.9,75.8,8.3,3.0,,,246.8,,42.4,,7.3,228.1,4.9,,,137657.76,1029399.50
7076,Nodaway Lake,305.2,82.3,36.9,4.3,,,634.4,,33.9,12.0,95.0,855.3,747.0,6.0,23.0,500449.04,4410328.21
7368,Bilby Ranch Lake,539.0,263.0,39.0,3.1,1.0,4.0,263.4,1.0,6.0,3.0,670.6,4820.4,1488.7,12.0,56.7,762030.63,12675033.24
7186,Ben Branch Lake,156.6,204.3,59.1,5.0,1.0,,1868.1,1.0,85.1,7.0,13.0,496.5,34.6,6.0,5.0,258445.68,4339318.14
7440,Painted Rock Lake,20.8,71.1,2.4,2.0,,,955.4,,23.5,,3.3,42.6,,,,33576.92,1645124.70
7353,Twin Borrow Pits,230.8,,,,,1.0,,,,,,,723.8,922.7,96.3,272731.43,2747102.24
7354,Wolf Bayou Mud Bayou,167.3,38.9,25.0,2.0,,7.3,0.6,,,,1.0,,901.5,597.1,24.9,227918.28,2453448.46
7271,Port Perry Lake,776.1,750.7,331.7,61.9,5.0,13.0,6229.3,28.8,63.8,31.9,50.4,667.5,,5.0,2.0,998067.75,12974206.31
7272,Perco Lakes,119.4,136.2,17.8,2.0,,,4260.0,,,43.8,9.0,327.0,,,3.0,140291.21,7076088.65
7273,Perry County Community Lake,526.9,452.5,789.9,565.9,130.2,7.0,2157.1,17.7,189.4,,14.0,5712.2,887.7,,12.0,594618.92,16513483.69
7392,Kahrs-Boger Park Lake,3.4,,,,,,1.7,,,,0.9,0.9,,,,10135.29,10135.29
7393,Liberty Park Lake,,2.1,51.8,28.0,1.4,,,,,,,,,,,11707.09,123433.48
7422,Clover Dell Park Lake,39.9,14.2,2.0,3.0,,,60.7,,,,3.9,594.3,93.3,,1.0,65202.19,1201407.27
7456,Windsor Ferrington Park Lake,68.0,291.7,453.0,138.5,83.7,19.4,420.1,,6.0,6.0,23.0,1022.0,3.0,8.0,,108826.25,3745759.91
7631,Lake Tebo,349.8,240.7,533.0,225.3,9.0,13.2,1376.1,32.0,179.7,,23.7,8883.4,2147.9,57.5,20.0,483164.83,20786201.13
7240,Brays Lake,348.0,45.3,79.6,36.9,3.3,51.0,1762.9,98.1,302.4,6.0,154.2,140.7,,,,644091.87,4384842.47
7280,Frisco Lake,10.1,9.4,17.2,45.7,25.9,,,0.8,,,2.0,,,,,32539.43,161169.51
7287,L. Prairie Comm. Lake,399.5,287.8,123.6,23.0,2.5,6.2,3513.8,129.1,465.7,9.0,45.2,2279.7,,2.0,1.0,633402.85,10580423.80
7369,Blues Pond,27.2,,2.9,,,,19.1,0.9,7.1,,2.6,7.0,,,,46775.44,96997.84
7446,Lake Scioto,17.8,44.9,103.8,33.8,1.0,,66.8,0.4,6.5,,1.0,16.5,,,,28220.98,425022.84
7068,Bean Lake,1813.8,134.3,174.3,23.2,,3.0,657.7,,3.9,10.0,38.7,193.3,2379.3,177.3,458.3,2853955.19,9181300.73
7070,Riss Lake,598.2,1075.2,1871.0,1034.3,220.8,,977.0,,12.0,,13.0,51.4,,1.0,7.3,873962.61,8799697.40
7450,Tobacco Hills Lake,66.9,21.7,19.7,0.2,0.2,,221.3,,,,8.7,172.9,15.8,,1.2,105395.93,798520.62
7244,Bloodland Lake (Ft. Wood),158.5,118.1,197.8,229.1,78.0,16.0,1866.4,6.1,51.8,53.5,83.5,386.9,,3.0,1.0,247583.27,4677979.03
7405,Penn's Pond Lake,37.0,63.2,16.8,6.4,,1.3,1404.3,49.4,106.0,127.1,2.6,40.0,,,2.0,52725.95,2672477.88
7154,Unionville Reservoir,319.9,406.6,520.8,246.9,47.4,,1058.3,4.0,119.2,44.0,33.3,4643.9,537.8,14.0,43.5,516884.97,12521840.34
7164,Rothwell Lake,102.9,187.4,361.3,255.8,49.3,,347.1,,10.0,,1.0,155.4,,7.0,1.9,168781.85,2234991.28
7167,Holiday Acres Lake,1075.3,289.6,230.4,85.6,3.2,6.8,3506.8,,89.1,5.0,83.9,2467.6,1621.8,5.0,26.0,1406289.07,14403954.22
7089,Jackass Bend,476.4,93.9,258.4,30.3,,157.0,170.2,1.0,,6.0,114.0,408.0,9581.8,2031.8,1048.9,1176882.58,21586873.92
7188,Malta Bend Community Lake,16.0,,,,,1.3,57.5,,,,,0.0,26.4,,,23360.79,151842.59
7189,Blind Pony Lake,754.1,435.6,165.5,30.5,2.0,1.0,4363.5,,21.0,35.0,213.0,3221.7,6222.8,79.0,12.0,1036381.62,23252907.33
7363,Big Soldier Lake,14.0,4.5,10.2,,,,12.2,,8.2,,,24.8,,,,29198.72,110436.44
7435,Marshall Habilitation Center Lake,43.0,99.4,293.5,207.0,55.8,13.0,176.7,,13.0,,30.4,334.8,78.2,1.0,5.0,107228.58,2024039.30
7016,Spencer Lake,25.5,12.9,50.3,3.5,,,9.3,,3.7,,,214.3,,,0.4,48127.76,498859.00
7603,Bear Creek Watershed Structure X-5,163.5,87.7,25.2,4.0,,,1190.8,42.4,17.0,,19.9,1521.9,1751.6,5.0,21.0,234937.35,7522742.69
7029,Hunnewell Lake,1013.6,225.6,141.3,21.2,2.0,2.0,3214.1,42.0,78.6,,14.0,2679.6,3670.3,15.8,36.6,1617225.66,16987818.08
7660,Wood Lake,27.7,,,,,,,,,,,32.0,161.1,,1.0,51431.90,338217.48
7661,Daniel Boone Lake,1882.9,1986.9,1021.1,247.0,14.3,34.0,15161.8,75.0,377.1,61.0,150.0,26599.3,30741.9,1221.0,254.0,1974630.77,121853498.71
7005,Marais Temps Clair,497.2,469.1,801.0,305.1,65.9,34.0,39.0,,3.0,,10.0,39.0,25480.2,4292.7,1985.4,4853019.35,50615320.49
7006,Willowwood Lake,99.4,218.4,466.7,178.9,53.1,16.0,10.0,,,,,13.0,12312.3,356.9,90.8,303981.75,20550319.97
7053,Cloverleaf Farm Lake,169.5,50.9,131.3,177.7,13.3,,228.7,107.0,159.5,,0.6,306.2,1145.8,,2.0,283740.85,3701757.89
7056,Kraut Run Lake,2056.4,6687.1,4939.1,2763.8,447.8,192.5,48236.8,756.9,10991.9,209.0,1789.7,32681.0,17453.4,903.5,85.0,1092848.39,192845372.26
7057,August A Busch Lake Number 35,442.1,169.5,252.7,305.6,62.5,14.6,3466.6,116.5,1782.2,19.5,211.7,1234.2,147.5,28.6,26.0,333557.30,12255308.75
7623,Incline Village Lake,1496.4,4096.7,3665.6,1969.5,408.3,330.8,34089.4,386.6,5949.3,257.0,744.5,14329.8,9867.1,98.0,29.2,1104401.68,115485652.31
7627,August A Busch Lake Number 37,183.9,401.6,240.8,56.5,5.3,9.0,2252.0,57.9,957.5,,88.5,1014.3,127.3,1.0,33.0,198610.95,8035052.32
7636,August A Busch Lake Number 34,180.9,66.0,91.4,14.3,1.0,,1190.0,11.0,295.0,26.3,85.4,307.3,147.1,10.0,13.0,226244.54,3610729.00
7263,Lake Lacawanna,61.0,392.4,67.5,6.0,,,6544.7,66.5,305.4,74.3,247.0,140.5,,4.0,1.0,95039.19,11484769.40
7296,Bonne Terre City Lake,34.9,12.9,48.9,7.6,1.0,0.6,138.1,13.5,99.4,,2.0,5.0,,,2.0,61658.86,529562.53
7303,Bonne Aqua Lake,19.9,101.4,81.1,54.3,5.0,,813.5,0.6,15.4,,21.9,68.4,,,,41497.06,1714959.46
7330,Hager Lake,25.7,5.7,22.9,57.6,49.1,,13.0,,,,0.2,1.4,,,,53672.57,253372.79
7331,Hemitite Lake,1204.3,773.2,202.3,87.0,48.0,415.8,26865.0,205.7,591.7,327.4,895.3,8763.0,,273.4,80.0,1389536.54,58659356.54
7362,Apollo Lake,69.0,28.2,,,,6.6,1893.1,177.0,308.5,,1.0,,,3.0,2.0,100421.65,3594975.47
7410,Primrose Lake,137.0,579.1,196.6,35.2,1.0,1.0,912.8,7.0,231.8,,17.0,617.4,,,,205951.86,3972440.11
7415,Wahoo Lake,53.6,237.0,2.8,2.5,,,527.6,12.1,29.6,,,40.9,,,,65935.64,1315816.54
7431,Iron Mountain Lake,308.3,1618.4,482.2,92.4,10.0,36.5,23862.0,40.2,466.5,258.8,150.1,5561.3,,452.0,35.0,496596.38,48014513.97
7553,Jo Lee Lake,27.0,23.1,8.0,1.0,,0.5,667.3,,,,7.0,4.0,,,,52115.94,1065935.43
7619,Goff Spring Lake,39.2,202.3,33.7,4.6,,,326.7,2.0,15.9,,,1.0,,2.9,1.0,82275.44,913886.83
7620,Bee Run Lake Number One,321.3,1794.3,231.7,41.2,3.0,3.0,7698.2,268.0,505.9,36.6,430.0,552.3,,6.0,1.0,35192.86,17266844.66
7621,Bee Run Lake Number Two,304.6,1625.9,214.6,37.7,3.0,1.0,7407.3,260.0,478.5,36.6,427.0,552.3,,6.0,1.0,25047.90,16487604.47
7622,Bee Run Lake Number Three,252.6,1324.1,176.0,32.1,3.0,1.0,6871.0,258.0,458.5,36.6,425.0,545.3,,3.0,,35224.84,15080887.43
7255,Creve Coeur Lake,1948.8,15921.1,34923.4,14662.9,5388.3,155.9,5103.1,12.0,4182.0,53.0,208.0,1810.1,1341.6,2036.7,132.7,2018223.38,129920342.02
7256,Sunfish Lake,102.5,50.6,109.1,7.5,2.0,,87.5,1.5,133.2,,6.4,4.6,0.1,,1.1,181795.38,750426.71
7309,Bee Tree Lake,37.3,5.7,68.9,38.8,,,190.7,0.7,68.8,,2.2,3.8,,,,65567.92,612160.54
7502,Simpson Park Lake,75255.8,485703.8,235236.2,99975.1,29260.5,27533.9,6409771.5,281055.0,758417.1,103955.7,87273.5,2339265.9,119556.0,49228.2,9788.0,421918.81,16144428274.71
7646,Koeneman Park Lake,,1.4,13.2,22.3,2.7,,,,,,,,,,,33522.25,58738.98
7264,Sunset Lake,199.7,199.9,212.2,90.6,2.0,1.0,1890.0,179.0,603.5,17.4,138.3,417.9,28.5,,,327630.95,5786085.73
7267,Lake Anne,402.0,580.9,406.9,91.4,3.0,,6902.7,277.0,791.3,2.0,105.5,2827.0,,12.0,5.0,536280.77,17978485.12
7268,Butterfly Lake,196.3,167.9,16.6,0.5,,,2187.2,401.2,748.2,,,1035.8,,4.0,1.0,423632.32,6867895.45
7337,Otter Lake,2454.2,15484.2,11198.5,5257.0,1423.2,408.2,46865.5,62.0,7306.3,400.9,652.5,67530.4,207081.6,7252.1,789.3,2091747.77,526801846.44
7338,Dexter City Lake,38.7,129.3,491.3,295.2,108.3,,13.7,,4.4,,1.0,1.3,6.9,,,71943.11,1533121.73
7342,Anderson's Whippoorwill Farm Lake,98.0,29.0,3.7,0.7,,,943.6,,15.0,1.3,,413.8,,15.0,10.4,212664.61,2166588.80
7343,Raymond Claus Lake,23.0,1.2,,,,,201.1,,,,1.0,11.1,,0.5,,49573.83,336099.92
7344,Rice Lake East,39.0,,,,,,374.1,,2.0,,1.0,,1.3,,,69796.01,590385.98
7345,Strobel Lake,3661.1,10171.1,3832.9,1111.2,146.0,520.0,103197.1,514.5,1787.6,436.3,862.0,70755.7,167759.1,32171.9,8856.9,216856.01,574338448.52
7346,Lewis Lake,26.2,1.8,1.5,,,,487.4,,,3.0,,31.5,,1.0,3.0,37095.79,783273.47
7347,Martin Lakes,76.6,21.3,1.7,,,,87.4,,,,,50.6,1.6,28.9,2.4,106758.18,381417.29
7348,Long Lake,8.0,,,,,,,,,,,,104.0,1.9,0.9,44268.04,161507.01
7632,Rice Lake West,14.3,,,,,,1.5,,,,,2.6,0.1,,,25449.34,26092.06
7231,Flight Lake,104.4,22.3,10.4,,,,73.8,,,,,251.9,923.7,469.2,210.3,252760.91,2990104.81
7232,Bushwacker Lake,700.9,321.0,128.6,25.5,3.0,1.0,1889.5,,,64.0,47.6,7229.7,1223.5,21.0,2.0,980745.90,16765354.43
7390,Izaak Walton Lake,45.5,730.5,1408.4,701.9,320.0,8.0,158.0,,8.0,8.0,9.0,1006.3,2.1,,,73368.45,6371167.77
7411,Radio Springs Lake,25.2,55.1,73.9,8.9,,,79.7,,,,0.3,13.6,,,,50536.52,371304.54
7455,Willow Lake,150.4,137.3,32.9,3.5,,3.0,425.0,,24.7,12.0,18.6,5687.1,780.2,21.8,2.0,166242.42,10499287.94
7643,Foxtail Lake,10.9,17.5,4.4,1.0,,,112.5,,,,,3.6,14.6,,,19891.17,244039.03
7293,Sayersbrook Lake,161.5,97.6,4.0,,,,2989.4,92.6,81.8,29.7,9.4,363.8,,,2.0,232687.99,5562665.33
7361,Anthonies Mill Lake,451.9,463.8,40.1,1.5,1.0,1.0,17285.9,92.1,373.8,38.0,71.8,889.5,,,2.0,642499.26,28665629.90
7364,Baha Trail Lake,69.9,270.9,3.1,,,,3263.0,44.8,79.5,7.0,12.7,,,,1.0,110200.51,5467644.90
7372,Lake Cherokee,17.3,109.0,6.0,1.9,,,623.2,18.0,106.2,0.1,30.0,31.3,,,,34421.95,1362485.59
7429,Hi Point Lake,6.2,,,,,,3.7,,0.1,,,,,,,14572.54,14572.54
7335,Eagle Sky Lake,412.9,224.5,37.0,22.0,8.0,1.0,11461.0,290.0,262.8,282.3,156.5,83.0,,,3.0,429694.45,18842424.90
7339,Duck Creek,2296.1,1766.2,182.7,21.1,1.0,156.0,43478.3,153.4,533.0,233.3,326.5,12625.4,5705.0,9452.1,7448.1,10989919.43,119505870.41
7340,Monopoly Marsh,1422.9,2513.8,470.2,77.1,8.5,7.0,27718.3,5.1,173.0,291.7,259.7,14105.6,6473.1,34708.2,20481.5,9558067.14,153718226.01
