waterBodyID,WBID,MULakeNumber,waterBody,WATER_BODY_DNR,Distance,waterBodyLatitude,waterBodyLongitude,waterBodyDesc,countyID,countryID,ecoregionID,stateID,waterBodyTypeID,MDNRNameID,primarySLAP19,damHeightM,volumeM3,surfAreaHA,watershedAreaHA,notes,geometry
1,7177,1,Glover,Glover Spring Lake,460,38.8476,-91.8876,,,187,2,29,2,,,10.1,460088,7.8,1489,,POINT (-10228880.842216006 4699865.030984135)
2,7249,2,Pinnacle,Pinnacle Lake,732,38.8258,-91.4197,,,187,2,29,2,,,14.9,3066431,38.4,1900.1,,POINT (-10176794.452473832 4696749.545818348)
3,7004,3,Bowling Green (East),Bowling Green Reservoir,484,39.3416,-91.153,,,187,2,29,2,,yes,22.3,1739207,8.9,337,,POINT (-10147105.544279266 4770721.634060399)
4,7003,4,Bowling Green (West),Old Lake,166,39.3423,-91.1611,,,187,2,29,2,,,18.6,1303788,18.2,10.3,,POINT (-10148007.232154692 4770822.391799315)
5,7049,5,Lincoln,Lake Lincoln,575,39.0203,-90.9217,,,187,2,29,2,,yes,21,1894625,12.8,404.2,,POINT (-10121357.34605878 4724579.790675254)
6,7054,6,St. Louis,Lake St. Louis,1759,38.8011,-90.7653,,,187,2,29,2,,,14.3,7770924,159.3,14550.5,,POINT (-10103946.977698714 4693220.767893622)
7,7056,7,Kraut Run,Kraut Run Lake,1061,38.7353,-90.7619,,,187,2,29,2,,,6.7,1270484,58.6,1660.9,,POINT (-10103568.491430016 4683826.182133003)
8,7255,9,Creve Coeur,Creve Coeur Lake,532,38.7214,-90.4833,,,187,2,29,1,,,,,,,,POINT (-10072554.88129501 4681842.719250597)
9,7243,10,Northwoods,Lake Northwood,521,38.4311,-91.4814,,,187,3,29,2,,,15.2,1652863,25.8,432.3,,POINT (-10183662.865055777 4640506.067611614)
10,7241,11,Peaceful Valley,Peaceful Valley Lake,891,38.3587,-91.539,,,187,3,29,2,,,19.5,5091805,56,1246.6,,POINT (-10190074.867725471 4630222.756272511)
11,7186,12,Ben Branch,Ben Branch Lake,340,38.5676,-91.7911,,,187,3,29,2,,,15.5,832599,17.8,69.7,,POINT (-10218138.511354454 4659921.89069402)
12,7185,13,Binder,Binder Lake,907,38.6019,-92.3008,,,187,2,29,2,,,14.6,4085286,58.9,1581.2,,POINT (-10274878.055811783 4664806.532647687)
13,7307,14,Tishomingo,Lake Tishomingo,1139,38.3172,-90.6028,,,187,3,29,2,,,20.7,2930748,40.9,752.3,,POINT (-10085857.560444808 4624332.953625401)
14,7258,15,Wauwanoka,Lake Wauwanoka,825,38.2267,-90.53,,,187,3,29,2,,,18.3,2923348,29.7,530,,POINT (-10077753.501515057 4611500.605155587)
15,7622,16,Timberline,Bee Run Lake Number Three,526,37.9925,-90.5419,,,187,3,29,2,,,24.1,1335859,18.6,494.6,,POINT (-10079078.203455497 4578366.3685795395)
16,7605,17,Carmel,Lac Carmel,408,37.9264,-90.6389,,,187,3,29,2,,,19.8,1210044,21.8,266.1,,POINT (-10089876.194062445 4569033.8123322)
17,7297,18,Capri,Lac Capri,491,37.8978,-90.6275,,,187,3,29,2,,yes,29.6,3488281,41.8,223.6,,POINT (-10088607.1518674 4564998.423526578)
18,7614,19,Marseilles,Lac Marseilles,352,37.895,-90.6214,,,187,3,29,2,,,21,2343612,18.9,156.7,,POINT (-10087928.102973562 4564603.43478502)
19,7301,20,Monsanto,Monsanto Lake,274,37.8118,-90.5006,,,187,3,29,2,,,9.1,320705,10.6,229,,POINT (-10074480.708485736 4552873.473131218)
20,7265,21,Goose Creek,Goose Creek Lake,1461,37.9811,-90.3223,,,187,3,29,2,,,42.4,16999821,153.4,1815,,POINT (-10054632.443277294 4576756.220688735)
21,7267,22,Ann,Lake Anne,805,37.9527,-90.2064,,,187,3,29,2,,,14.3,1356828,36.3,1103.7,,POINT (-10041730.514294352 4572746.062413728)
22,7266,23,Wanda Lee,Lake Wanda Lee,812,37.9376,-90.235,,,187,3,29,2,,,14.3,2243700,41.2,5714.4,,POINT (-10044914.25173104 4570614.5321003385)
23,7328,24,Fredricktown City,Fredricktown City Lake,695,37.5772,-90.3092,,,187,3,29,2,,,7.3,1461674,37.5,15628.9,,POINT (-10053174.157947902 4519869.329320625)
24,7273,25,Perry County,Perry County Community Lake,495,37.7242,-89.9142,,,187,2,29,2,,,14.3,2084581,41.9,1030.9,,POINT (-10009202.959084557 4540537.452875509)
25,7630,26,Bella Vista,100K Extent-Remaining Lakes,,37.4728,-89.5783,,,187,2,29,2,,,14.6,1184141,16.7,141.8,,POINT (-9971810.742127098 4505215.515895086)
26,7659,27,Boutin,Lake Boutin,214,37.4522,-89.4878,,,187,2,29,2,,,14,465022,7.4,31.9,,POINT (-9961736.328210305 4502326.474126442)
27,7311,28,Girardeau,Lake Girardeau,854,37.2792,-89.8433,,,187,3,29,2,,,11.9,3535154,57.5,808.3,,POINT (-10001310.407187317 4478095.448913777)
28,7341,29,Tywappity,Lake Tywappity,391,37.1869,-89.6383,,,187,2,29,2,,,11,817797,13.1,149.5,,POINT (-9978489.911574695 4465190.354521893)
29,7336,30,Wappapello,Lake Wappapello,8623,36.9311,-90.2806,,,187,3,29,2,,yes,12.8,75636994,3251.9,336330.1,,POINT (-10049990.420511216 4429507.362192984)
30,7327,31,Beaver,Beaver Lake,169,36.8007,-90.6234,,,187,3,29,2,,,7,67841,5.1,113.9,,POINT (-10088150.741955148 4411363.226294613)
31,7323,32,Ripley,Ripley Lake,138,36.6585,-90.955,,,187,3,29,2,,,8.2,197357,7.7,62.8,,POINT (-10125064.285102198 4391612.389076587)
32,7324,33,Fourche Creek,Fourche Lake,497,36.636,-91.0514,,,187,3,29,2,,,18.3,634009,19.8,2144.9,,POINT (-10135795.48401467 4388490.603054512)
33,7319,34,McCormack ,McCormack Lake,150,36.8197,-91.3506,,,187,3,29,2,,,8.2,108546,4.5,930.8,,POINT (-10169102.275660016 4414005.001271381)
34,7630,35,Miller Community,100K Extent-Remaining Lakes,,37.0467,-90.9031,,,187,3,29,2,,,8.2,265198,7.7,118.1,,POINT (-10119286.803530026 4445618.165566105)
35,7326,36,Clearwater,Clearwater Lake,3604,37.1339,-90.7722,,,187,3,29,2,,yes,46.9,271365600,878.7,233772.5,,POINT (-10104715.082185186 4457787.190889994)
36,7325,37,Lower Taum Sauk,Lower Taum Sauk Lake,1084,37.495,-90.8375,,,187,3,29,2,,,22.9,7832598,94,22646,,POINT (-10111984.244933989 4508329.840827706)
37,7332,38,Killarney,Lake Killarney,738,37.5906,-90.5644,,,187,3,29,2,,,8.8,1455506,26.7,13329.5,,POINT (-10081582.891998345 4521751.669357562)
38,7299,39,Council Bluff,Council Bluff Lake,1229,37.7325,-90.9145,,,187,3,29,2,,yes,33.5,15591187,172.4,3464.3,,POINT (-10120555.84572507 4541705.650392352)
39,7294,40,Sunnen,Sunnen Lake,1523,37.9528,-90.9311,,,187,3,29,2,,,14.6,3133039,84.2,6881,,POINT (-10122403.749272238 4572760.179968722)
40,7201,41,Rocky Fork,Finger Lakes,713,39.0717,-92.3131,,,187,1,29,2,,,4.6,339207,24.8,1555,,POINT (-10276247.285548542 4731947.192406058)
41,7624,42,Tri-City Community,Tri-City Lake,411,39.1897,-92.2089,,,187,1,29,2,,,7.6,287401,11.5,151.9,,POINT (-10264647.794607883 4748881.0116423005)
42,7182,43,D.C. Rogers,D C Rogers Lake,1140,39.1544,-92.7083,,,187,2,29,2,,,13.7,3157709,77.3,1007.7,,POINT (-10320240.748310043 4743812.241027004)
43,7183,44,Peters,Peters Lake,808,39.165,-92.7303,,,187,2,29,2,,,10.1,1306255,24.5,509.1,,POINT (-10322689.777107496 4745334.040847139)
44,7158,45,Nehai Tonkayea,Lake Nehai Tonkayea,1022,39.5906,-92.8917,,,187,1,29,2,,,19.8,6414096,97,389,,POINT (-10340656.742921531 4806626.525337408)
45,7173,46,Thomas Hill ,Thomas Hill Reservoir,8046,39.5511,-92.6444,,,187,1,29,2,,,21.3,86343600,1856.3,36888.1,,POINT (-10313127.432848355 4800922.183724017)
46,7166,47,Sugar Creek,Sugar Creek Lake,1465,39.4736,-92.4792,,,187,1,29,2,,,14.9,6475770,132,2869.8,,POINT (-10294737.452969305 4789739.549479897)
47,7168,48,Long Branch,Macon Lake,2602,39.7514,-92.515,,,187,1,29,2,,yes,21.6,42727747,985.4,27067,,POINT (-10298722.690739704 4829881.895800646)
48,7168,49,Macon,Macon Lake,1260,39.7478,-92.4942,,,187,1,29,2,,,12.8,2775330,68.6,1634.4,,POINT (-10296407.245331204 4829360.660062108)
49,7150,50,Spring,Spring Lake,802,40.1006,-92.6786,,,187,3,29,2,,,7.6,895506,33.3,757,,POINT (-10316934.559433484 4880571.984423257)
50,7154,51,Mahoney,Unionville Reservoir,869,40.5003,-93.0242,,,187,1,29,2,,,9.1,555066,28.4,758,,POINT (-10355406.575451639 4938913.094329051)
51,7153,52,Thunderhead,Lake Thunderhead,1419,40.5306,-93.0197,,,187,1,29,2,,,16.5,13814976,406.3,5917.6,,POINT (-10354905.637743069 4943349.879334408)
52,7013,53,Memphis City,Memphis Reservoir,498,40.4472,-92.2003,,,187,1,29,2,,,8.5,289868,15.7,1076.4,,POINT (-10263690.44698706 4931142.568720996)
53,7011,54,Ella Ewing,Ella Ewing Community Lake,121,40.3411,-92.0066,,,187,1,29,2,,,6.7,117181,3.4,156.4,,POINT (-10242127.861620404 4915634.51637962)
54,7019,55,Baring Country Club,Baring Country Club Lake,605,40.2328,-92.1994,,,187,1,29,2,,,10.7,967048,27.5,215.6,,POINT (-10263590.259445347 4899830.035176866)
55,7026,56,Edina City,Edina Reservoir,728,40.1908,-92.1778,,,187,1,29,2,,,11.9,275066,18,294.9,,POINT (-10261185.758444212 4893707.677054638)
56,7015,57,Deer Ridge,Deer Ridge Community Lake,368,40.1803,-91.8269,,,187,1,29,2,,yes,11.6,651277,17.1,244.3,,POINT (-10222123.749124853 4892177.680051655)
57,7416,58,Wakonda,Agate Lake,811,40.0076,-91.5091,,,187,2,29,2,,,,,,,,POINT (-10186746.41495075 4867046.752260704)
58,7042,59,Shelbina,Shelbina Lake,576,39.7261,-92.0436,,,187,1,29,2,,,8.5,472423,16.9,599,,POINT (-10246246.682779755 4826219.343553956)
59,7034,60,Monroe City,Monroe Lake B,443,39.6208,-91.7339,,,187,2,29,2,,,9.4,267665,17.3,269.2,,POINT (-10211771.036481079 4810990.013526199)
60,7051,61,Vandalia Community,Vandalia Community Lake,317,39.2375,-91.5389,,,187,1,29,2,,,6.4,273833,8.6,205.7,,POINT (-10190063.735776389 4755748.732560345)
61,7631,62,Tebo,Lake Tebo,483,38.6072,-93.2886,,,187,1,29,2,,,10.4,810396,26.6,1488.8,,POINT (-10384839.448817382 4665561.510577071)
62,7187,63,Spring Fork,Spring Fork Lake,779,38.5683,-93.2414,,,187,1,29,2,,,12.8,1989603,37.5,2867.5,,POINT (-10379585.168851938 4660021.553949889)
63,7093,64,Odessa (Lower),Odessa Lake,485,38.9711,-93.9894,,,187,1,29,2,,,14.3,1603524,36.4,945.5,,POINT (-10462852.147965306 4717532.740582959)
64,7103,65,Tapawingo,Lake Tapawingo,710,39.0242,-94.3156,,,187,1,29,2,,,16.8,1726872,30.6,525.1,,POINT (-10499164.565862073 4725138.6079844795)
65,7102,66,Prairie Lee,Prairie Lee Lake,512,38.9437,-94.3301,,,187,1,29,2,,,21,3083700,54.4,3346.2,,POINT (-10500778.698478576 4713610.28615599)
66,7091,67,Lotawana,Lake Lotawana,1293,38.9353,-94.2464,,,187,1,29,2,,,17.7,14268897,189.4,3459.1,,POINT (-10491461.257099178 4712408.085524416)
67,7097,68,Longview,Longview Lake,2752,38.9247,-94.4661,,,187,1,29,2,,,33.5,27259908,376.4,12759.3,,POINT (-10515918.14922646 4710891.226025214)
68,7214,69,Harrisonville,Harrisonville City Lake,1476,38.7644,-94.3258,,,187,1,29,2,,,16.8,13907487,188.7,3853.6,,POINT (-10500300.024668165 4687979.861973425)
69,7218,70,North,North Lake,536,38.6861,-94.3583,,,187,1,29,2,,yes,8.5,287401,15.3,511.5,,POINT (-10503917.908118946 4676807.312893411)
70,7072,71,Waukomis,Waukomis Lake,685,39.2286,-94.6325,,,187,6,29,2,,,20.7,2827136,32.4,493.8,,POINT (-10534441.71249446 4754469.660360261)
71,7074,72,Smithville ,Helvey Park Lake,3049,39.3975,-94.5495,,,187,1,29,2,,,32,178361208,2868.1,54323.8,,POINT (-10525202.194758618 4778771.039322749)
72,7086,73,Rocky Hollow,Rocky Hollow Lake,384,39.3556,-94.2758,,,187,1,29,2,,,14,737621,9.5,855.2,,POINT (-10494734.0501285 4772736.980603285)
73,7087,74,Watkins Mill,Watkins Mill Lake,700,39.3933,-94.2631,,,187,1,29,2,,,15.8,3207048,43.9,778.2,,POINT (-10493320.292595426 4778166.029979056)
74,7067,75,Sugar,Lewis & Clark Lake,1274,39.5457,-95.0493,,,187,6,29,2,,,,,,,,POINT (-10580839.676257098 4800142.602094066)
75,NA,76,Contrary (Oxbow),Lake Contrary,,39.7203,-94.9071,,,187,6,29,1,,,,,,,,POINT (-10565010.044666294 4825379.8964592675)
76,7453,77,Allaman,Lake Allaman,93,39.6567,-94.2147,,,187,1,29,2,,,6.1,59207,2.4,68.1,,POINT (-10487932.42924103 4816179.551841794)
77,7124,78,Hamilton City,Hamilton Lake,696,39.7431,-94.0347,,,187,1,29,2,,,12.2,1232247,30.5,495.9,,POINT (-10467894.920898242 4828680.198836582)
78,7123,79,Breckenridge City,Breckenridge Lake,357,39.78,-93.8072,,,187,1,29,2,,,8.5,160352,5.7,161.9,,POINT (-10442569.736742772 4834023.792394652)
79,7122,80,Viking,Lake Viking,1951,39.9378,-94.0569,,,187,1,29,2,,,25.9,13568280,207.3,3654.2,,POINT (-10470366.213593852 4856907.65753541)
80,7118,81,Pony Express,Pony Express Lake,880,39.8044,-94.38,,,187,1,29,2,,,12.2,2960352,105.8,1234.8,,POINT (-10506333.54106916 4837558.799354142)
81,7115,82,Maysville,Maysville Lake,464,39.8781,-94.3785,,,187,1,29,2,,,6.1,271366,13.4,827,,POINT (-10506166.56183297 4848243.883540993)
82,7109,83,Bethany (North),New City Lake,384,40.3136,-94.0309,,,187,1,29,2,,,18.3,1800881,29.7,305.8,new,POINT (-10467471.906833228 4911618.975061698)
83,7132,84,Paho,Lake Paho,1211,40.4004,-93.6548,,,187,1,29,2,,,12.2,4288810,98.3,1236,,POINT (-10425604.646345878 4924299.058234374)
84,7131,85,Marie,Lake Marie,399,40.4867,-93.5525,,,187,1,29,2,,,15.2,1087929,16.2,139.5,,POINT (-10414216.662437726 4936922.317709432)
85,7144,86,New Milan,Milan Lake North,460,40.1983,-93.1042,,,187,1,29,2,,,11,693216,18.4,273.6,sometimes MU#142,POINT (-10364312.1347151 4894800.677081875)
86,7138,87,Brookfield,Brookfield Lake,751,39.7961,-93.0283,,,187,1,29,2,,,13.1,2333744,45.7,268.3,,POINT (-10355862.985363891 4836356.176746628)
87,7136,88,Marceline (South),New Marceline City Lake,915,39.6617,-92.9956,,,187,1,29,2,,,14.9,3340264,61.4,1053.4,,POINT (-10352222.838014951 4816902.542555938)
88,7207,89,Truman ,Harry S Truman Reservoir,15565,38.2639,-93.4083,,,187,3,29,2,,,38.4,1483506396,21777.9,1839465.7,,POINT (-10398164.391865335 4616773.403047684)
89,7208,90,Montrose,Montrose Lake,3254,38.3086,-93.9169,,,187,1,29,2,,,10.1,13568280,637.7,36839.5,,POINT (-10454781.484882794 4623112.838010239)
90,7234,91,Atkinson,Atkinson Lake,1363,38.0064,-94.0461,,,187,1,29,2,,yes,8.5,3357533,194.6,1700.2,,POINT (-10469163.963093286 4580329.95767877)
91,7238,92,Pomme De Terre,Pomme de Terre Lake,6667,37.9017,-93.32,,,187,3,29,2,,yes,47.2,299735640,3765.8,151482.6,,POINT (-10388334.88082829 4565548.611457047)
92,7235,93,Stockton,Stockton Lake,15884,37.6917,-93.7667,,,187,3,29,2,,yes,49.1,1100264160,11226.9,297418.5,,POINT (-10438061.297365645 4535964.444782981)
93,7356,94,Lamar City,Lamar Lake,997,37.48,-94.2617,,,187,1,29,2,,,7.9,1312423,51,1225.7,,POINT (-10493164.445308316 4506225.465837674)
94,7236,95,McDaniel,McDaniel Lake,1613,37.2939,-93.3142,,,187,3,29,2,,,14.6,5622202,104.5,10046.9,,POINT (-10387689.227781689 4480152.216393479)
95,7237,96,Fellows,Fellows Lake,2390,37.3153,-93.23,,,187,3,29,2,,yes,30.5,32365282,286.4,5143.6,,POINT (-10378316.126656896 4483147.140682693)
96,7312,97,Springfield,Lake Springfield,1712,37.112,-93.2637,,,187,3,29,2,,,13.7,3461145,145.7,70439.2,,POINT (-10382067.593496628 4454729.662098302)
97,7313,98,Table Rock,Table Rock Lake,17710,36.595,-93.3108,,,187,3,29,2,,,76.8,3332862960,16152.2,485267.2,,POINT (-10387310.741512991 4382804.358304365)
98,7314,99,Taneycomo,Lake Taneycomo,5991,36.6589,-93.1239,,,187,3,29,2,,,17.7,24299556,1222.2,562616.7,,POINT (-10366505.12868373 4391667.895747308)
99,7315,100,Bull Shoals,Bull Shoals Lake,19402,36.5308,-92.6047,,,187,3,29,2,,,,,,,,POINT (-10308708.049063861 4373906.596744777)
100,7317,101,Norfork,Norfork Lake,31490,36.5857,-92.2883,,,187,3,29,2,,,,,,,,POINT (-10273486.56217687 4381514.972067897)
101,7316,102,Noblett,Noblett Lake,284,36.9072,-92.0972,,,187,3,29,2,,,9.1,277533,10.7,6338.1,,POINT (-10252213.407486275 4426179.545642314)
103,7321,104,Sims Valley,Sims Valley Community Lake,289,37.0061,-91.8483,,,187,3,29,2,,,10.1,455154,16,239.8,,POINT (-10224505.986227829 4439957.082694665)
104,7239,105,Austin,Austin Community Lake,214,37.1619,-92.1853,,,187,3,29,2,,,8.2,205991,8.9,102.1,,POINT (-10262020.65462516 4461697.649450136)
105,7245,106,Roby,Roby Lake,53,37.5186,-92.123,,,187,3,29,2,,,4.6,129515,3.6,108,,POINT (-10255085.450348742 4511641.579972105)
106,7282,107,Ziske,Mac Lake - Ziske,146,37.6478,-91.5072,,,187,3,29,2,,,7.3,236828,9.7,145.8,,POINT (-10186534.907918243 4529790.546938124)
107,7281,108,Turner,Shawnee Lake - Turner,317,37.6472,-91.5139,,,187,6,29,2,,,9.8,196123,5.9,172,,POINT (-10187280.748506559 4529706.19093555)
108,7322,109,Loggers,Loggers Lake,204,37.3871,-91.2624,,,187,3,29,2,,,11,310837,9.1,694.1,,POINT (-10159283.89657205 4493201.766891745)
109,7287,110,Little Prairie,L. Prairie Comm. Lake,393,37.9969,-91.6917,,,187,3,29,2,,yes,14.6,1603524,38.9,621.9,,POINT (-10207073.353969602 4578987.896094866)
110,7288,111,Indian Hills,Indian Lake,1762,38.1075,-91.4575,,,187,3,29,2,,,15.2,10947135,114.4,3940.5,,POINT (-10181002.329225818 4594623.107759964)
111,7606,112,Shayne,Lac Shayne,416,37.8976,-90.6413,,,187,3,29,2,,yes,21.9,3052863,29.6,211.2,,POINT (-10090143.360840347 4564970.209546754)
112,7192,113,Pape (Concordia),Edwin A Pape Lake,1396,38.9331,-93.5814,,,187,1,29,2,,,12.2,2304141,116.1,2200.3,,POINT (-10417433.795721652 4712093.246986238)
113,7024,114,Henry Sever,Henry Sever Lake,1111,40.0058,-91.975,,,187,1,29,2,,yes,12.5,2591541,56.7,801.9,,POINT (-10238610.165711336 4866785.155496025)
114,7029,115,Hunnewell,Hunnewell Lake,873,39.7072,-91.8619,,,187,1,29,2,,yes,11,2718590,78.4,1034.4,,POINT (-10226019.931302618 4823484.163647275)
115,7358,116,Jacomo,Blue Springs Lake,2709,38.9931,-94.3078,,,187,1,29,2,,,22.6,31737440,432.5,6676.6,,POINT (-10498296.273833886 4720683.254971947)
116,7180,117,Little Dixie,Little Dixie Lake,1163,38.9056,-92.1222,,,187,1,29,2,,yes,12.8,4921585,78.5,962.7,,POINT (-10254996.394756107 4708158.588912838)
117,7213,118,Raintree,Raintree Lake,919,38.835,-94.3817,,,187,1,29,2,,yes,16.8,4403524,87.6,1934,,POINT (-10506522.784203507 4698064.221337519)
118,7149,119,Sterling Price,Sterling Price Community Lake,219,39.4,-92.8433,,,187,1,29,2,,,6.4,230661,10.3,177.3,,POINT (-10335268.879567135 4779131.181226142)
119,7212,120,Winnebago,Lake Winnebago,1461,38.8181,-94.3561,,,187,1,29,2,,,19.5,5735682,177.3,5191.2,,POINT (-10503673.0052392 4695649.350157406)
120,7190,121,Higginsville,Higginsville Reservoir (South),467,39.0617,-93.67,,,187,6,29,2,,yes,10.4,2048810,71.6,1388.8,,POINT (-10427296.702605935 4730513.4256256055)
121,7020,122,Lewistown,Lewistown Lake,356,40.0978,-91.8189,,,187,1,29,2,,,,,,,,POINT (-10221233.193198508 4880164.503459585)
122,7036,123,Shelbyville,Shelbyville Lake,507,39.8064,-92.0511,,,187,1,29,2,,,4.9,119648,12.1,462.7,,POINT (-10247081.578960706 4837848.609638634)
123,7009,124,Wyconda,Wyaconda Lake,148,40.3991,-91.9075,,,187,2,29,2,,,,,,,sometimes MU#259,POINT (-10231096.10008279 4924109.028659745)
125,7041,127,Clarence (East),Old Lake,298,39.7488,-92.2284,,,187,1,29,2,,,9.1,181322,8.1,209.6,,POINT (-10266818.524678351 4829505.4450351205)
126,7040,128,Clarence (West),Clarence Lake #2,293,39.7486,-92.2362,,,187,1,29,2,,,9.1,370044,8.1,121.6,,POINT (-10267686.81670654 4829476.487872396)
127,7023,129,LaBelle City (East),Belleview Lake,759,40.0911,-91.8997,,,187,1,29,2,,,10.1,1150837,45.3,618,,POINT (-10230227.808054602 4879189.527782649)
128,7039,130,LaPlata (East),La Plata City Lake,640,40.0117,-92.43,,,187,1,29,2,,,13.1,822731,32.8,296.5,,POINT (-10289260.534022277 4867642.6373091405)
129,7152,131,Hazel Creek,Hazel Creek Lake,2084,40.3,-92.6278,,,187,1,29,2,,,19.8,11841408,185.1,2120.6,,POINT (-10311279.529301185 4909633.711705325)
130,7018,132,Lancaster City (South),Lancaster City Lake - New,483,40.5158,-92.5481,,,187,1,29,2,,,9.1,437885,16.6,305.7,,POINT (-10302407.365884963 4941182.486325041)
131,7151,133,Forest,Forest Lake,1484,40.1714,-92.6548,,,187,1,29,2,,,20.1,15333390,231.6,3830.3,,POINT (-10314285.155552603 4890881.010847482)
132,7104,134,Jamesport City,Jamesport City Lake,287,39.9906,-93.8111,,,187,1,29,2,,,10.7,202291,8.9,360.1,,POINT (-10443003.882756867 4864576.39112894)
133,7128,135,Trenton (Upper East),Trenton Lake Upper,381,40.0795,-93.5775,,,187,1,29,2,,,,,,,,POINT (-10416999.649707558 4877501.737092474)
135,7161,137,Green City,Green City Lake,590,40.2644,-92.9201,,,187,1,29,2,,,6.1,540264,23.5,390.1,,POINT (-10343818.21646006 4904438.8842423055)
137,7160,139,Marceline (North),Marceline Reservoir,754,39.7225,-92.9195,,,187,1,29,2,,,7.3,641410,26.3,789.1,,POINT (-10343751.424765583 4825698.299114673)
138,7120,140,Cameron (Century),Cameron Lake #1,358,39.7624,-94.2615,,,187,1,29,2,,,10.1,189956,8.9,437.9,,POINT (-10493142.181410156 4831474.729357602)
139,7014,141,Showme,Memphis Lake,1128,40.4397,-92.2177,,,187,1,29,2,,,18.6,5068369,91.1,688.9,,POINT (-10265627.406126862 4930045.531833049)
140,7106,143,Bethany (South),Old Bethany City Lake,33,40.2864,-94.0244,,,187,1,29,2,,,10.1,239295,7.3,89.5,old,POINT (-10466748.330143072 4907648.8479422)
141,7406,144,Pinewoods ,Pinewoods Lake,133,36.918,-90.7722,,,187,3,29,2,,,7.6,325639,12.1,105,,POINT (-10104715.082185186 4427683.199691571)
142,7033,145,Mark Twain,Mark Twain Lake,7124,39.5223,-91.6467,,,187,2,29,2,,yes,34.1,616789339,7496.4,608634.2,,POINT (-10202063.976883905 4796765.115818896)
143,7334,146,Crane ,Crane Lake,687,37.4236,-90.6272,,,187,3,29,2,,,14,1344493,42.8,2247.4,,POINT (-10088573.756020164 4498316.793186845)
144,7358,148,Blue Springs,Blue Springs Lake,1756,39.0141,-94.3371,,,187,1,29,2,,,16.2,13321584,294.2,8673.9,,POINT (-10501557.934914129 4723691.47788851)
145,7205,149,Lake of the Ozarks,Lake of the Ozarks,,38.2039,-92.6236,,,187,3,29,2,,,45.1,2491629600,20774.4,2499333.1,,POINT (-10310811.987439854 4608270.2231414085)
146,7189,150,Blind Pony,Blind Pony Lake,1155,39.0317,-93.3681,,,187,6,29,2,,,10.7,2235066,43.4,1311.8,,POINT (-10393689.348335447 4726213.343312524)
147,7617,152,Lafayette,Lac Lafitte,400,37.8925,-90.5942,"Lac Lafitte, Terre du Lac",,187,1,29,2,,,16.8,684581,12.1,220.6,,POINT (-10084900.212823985 4564250.778961347)
150,7071,155,Weatherby,Weatherby Lake,1252,39.2283,-94.7031,,,187,6,29,2,,,25.9,11872245,75.3,1114.6,,POINT (-10542300.868544467 4754426.548393215)
151,7193,157,Holden City,Holden City Lake,868,38.7611,-94.0344,,,187,1,29,2,,,17.7,4209867,118.3,1062.5,,POINT (-10467861.525051005 4687508.740983645)
152,7360,158,Amarugia Highlands W.A.,Amarugia Lake,347,38.5394,-94.4347,,,187,1,29,2,,,9.4,949780,22.3,392.5,,POINT (-10512422.717215553 4655907.692270193)
153,7385,159,Harmony Mission C.A.,Harmony Mission Lake,610,38.0735,-94.4288,,,187,1,29,2,,,12.8,1153304,39.1,605.5,,POINT (-10511765.93221987 4589814.107326758)
154,NA,160,Four Rivers,,,38.015,-94.3367,,,187,1,29,2,,,,,,,,POINT (-10501513.40711781 4581545.026556424)
155,7232,161,Bushwacker,Bushwacker Lake,1133,37.6717,-94.4056,,,187,1,29,2,,,12.2,1924229,66.4,1067.5,,POINT (-10509183.320033468 4533151.282133229)
156,7398,162,Maple Leaf,Maple Leaf Lake,552,38.9889,-93.7806,,,187,6,29,2,,,15.2,1832951,56.7,663,,POINT (-10439608.638287673 4720081.717517602)
157,7112,163,King,King Lake,1170,40.02,-94.4372,,,187,1,29,2,,,12.2,1594890,74.5,4842.3,,POINT (-10512701.015942534 4868849.050775666)
158,7146,164,Elmwood,Elmwood City Lake,1447,40.2244,-93.1156,,,187,1,29,2,,,14.3,3862026,59,1670.1,,POINT (-10365581.176910145 4898605.259954573)
159,7391,165,Jackrabbit,Jackrabbit Lake,267,38.8886,-94.3228,,,187,1,29,2,,,8.2,287401,11.3,190.2,,POINT (-10499966.066195784 4705727.017134488)
160,7374,166,Catclaw,Catclaw Lake,290,38.8892,-94.3167,,,187,1,29,2,,,9.4,524229,17.4,182.1,,POINT (-10499287.017301945 4705812.827406638)
161,7379,167,Cottontail,Cottontail Lake,332,38.8831,-94.3161,,,187,1,29,2,,,7.6,189956,8.5,474.3,,POINT (-10499220.22560747 4704940.456743246)
162,7403,168,Nell,Lake Nell,208,38.8797,-94.3228,,,187,1,29,2,,,9.1,308370,11.2,130,,POINT (-10499966.066195784 4704454.249864221)
163,7383,169,Gopher,Gopher Lake,475,38.8733,-94.3147,,,187,1,29,2,,,8.5,345374,16.7,714.1,,POINT (-10499064.378320359 4703539.100021009)
164,7378,170,Coot,Coot Lake,218,38.8694,-94.3398,,,187,1,29,2,,,10.4,172687,9.3,91.1,,POINT (-10501858.497539269 4702981.470993039)
166,7661,178,Daniel Boone,Daniel Boone Lake,1340,39.7896,-92.2631,,,187,1,29,2,,,9.1,17875592,495.7,7186,,POINT (-10270681.311008878 4835414.465190126)
167,7076,179,Nodaway County,Nodaway Lake,517,40.4264,-94.8578,,,187,6,29,2,,,16.8,653744,29.5,275.7,,POINT (-10559521.993770184 4928100.420656576)
168,7368,180,Bilby Ranch,Bilby Ranch Lake,498,40.3481,-95.1333,,,187,6,29,2,,,16.5,1677533,44.5,712.6,,POINT (-10590190.513483733 4916656.915490676)
169,7402,181,Mozingo,Mozingo Lake,3313,40.3495,-94.7776,,,187,6,29,2,,,23.5,34142726,408.3,5336.2,,POINT (-10550594.170608565 4916861.40804573)
170,7008,182,Fox Valley,Fox Valley Lake,457,40.4977,-91.7668,,,187,1,29,2,,,15.8,1889691,43.7,459.2,,POINT (-10215433.447728178 4938532.473483185)
171,7387,183,Hazel Hill,Hazel Hill Lake,425,38.8458,-93.7779,,,187,1,29,2,,,11.6,671013,28.7,670.1,,POINT (-10439308.075662531 4699607.752938619)
172,7198,184,Manito,Manito Lake,472,38.5911,-92.8072,,,187,3,29,2,,,13.1,1132335,31.2,601,,POINT (-10331250.2459495 4663268.259595703)
173,7386,185,Harrison County,Harrison County Lake,1424,40.3988,-94.0871,,,187,1,29,2,,,14.9,3505550,113.3,4416.9,,POINT (-10473728.06221581 4924065.176202083)
174,7331,186,Carl DiSalvo,Hemitite Lake,1023,37.7297,-90.6347,,,187,3,29,2,,,7.3,2170925,86.6,4207.2,,POINT (-10089408.65220111 4541311.545029325)
175,7365,187,Belcher Branch,Belcher Branch Lake,230,39.5839,-94.7331,,,187,6,29,2,,,14.3,772158,22.3,431.2,,POINT (-10545640.453268263 4805658.724541685)
176,7349,188,Big Oak,Big Oak Tree S.P. Lake,111,36.6403,-89.2919,,,187,4,29,2,,,3,98678,9.7,,,POINT (-9939928.839963904 4389087.1405644)
177,7229,189,Butler City,Butler Lake,576,38.2756,-94.4286,,,187,1,29,2,,,9.1,564934,22.3,797,,POINT (-10511743.668321712 4618432.341109878)
178,7058,190,Charity,Charity Lake,439,40.4756,-95.5842,,,187,6,29,2,,,11.7,159119,5.3,222.6,,POINT (-10640384.47188242 4935297.791638975)
179,7389,191,Indian Creek,Indian Creek Community Lake,1036,39.8975,-93.6957,,,187,2,29,2,,,17.1,3527753,77.7,1454.6,,POINT (-10430157.613519322 4851058.419328318)
180,7147,192,Jo Shelby,Fountain Grove Lakes,154,39.7168,-93.3222,,,187,1,29,2,,,7.9,271366,12.5,151.8,,POINT (-10388579.783708034 4824873.36771324)
181,7627,193,Busch 37,August A Busch Lake Number 37,175,38.7133,-90.7913,,,187,2,29,2,,,11,370044,12.1,155.2,,POINT (-10106841.28445934 4680687.066276527)
182,7082,194,Lawson City,Lawson City Lake,23,39.4547,-94.2022,,,187,1,29,2,,,13.7,333040,9.7,90.9,,POINT (-10486540.935606116 4787014.319842225)
183,7111,195,Limpp,Limpp Community State Lake,183,40.0625,-94.5381,,,187,6,29,2,,,7.6,252863,11.3,361.4,,POINT (-10523933.152563576 4875028.770114474)
184,7209,196,Lone Jack,Lone Jack Lake,167,38.8917,-94.1942,,,187,1,29,2,,,14.3,506960,14.2,224.6,,POINT (-10485650.37967977 4706170.378009225)
185,7630,197,Prairie,100K Extent-Remaining Lakes,,38.7083,-90.6903,,,187,2,29,2,,,8.8,773392,20.2,121.4,,POINT (-10095598.015889218 4679973.765608837)
186,7083,198,Ray County,Ray County Community Lake,312,39.3092,-93.9939,,,187,1,29,2,,,6.1,102379,10.1,126.5,,POINT (-10463353.085673876 4766059.093782459)
187,7164,199,Rothwell,Rothwell Lake,576,39.4183,-92.4617,,,187,1,29,2,,,8.8,192423,10.5,185.3,,POINT (-10292789.361880422 4781767.813125937)
188,7061,200,Savannah City,Savannah City Reservoir,191,39.9492,-94.863,,,187,6,29,2,,,10.4,325639,7.7,238.5,,POINT (-10560100.855122311 4858562.905651431)
189,7274,201,Upper Big,Delaney Lake,1004,36.9544,-89.3648,,,187,4,29,2,,,,,,,,POINT (-9948044.030842735 4432752.639843137)
190,7050,202,Whiteside,Whiteside Lake,296,39.1722,-91.0111,,,187,6,29,2,,,12.2,252863,8.9,100.9,,POINT (-10131309.3085357 4746367.8469897)
191,7438,203,Willow Brook,Willow Brook Lake,1106,39.8722,-94.3811,,,187,1,29,2,,,14.6,1427136,65.6,1514.8,,POINT (-10506455.992509034 4847388.074377306)
192,7110,204,Worth County,Worth County Community Lake,355,40.3994,-94.5247,,,187,1,29,2,,,7.9,181322,8.1,97.4,,POINT (-10522441.471386945 4924152.881312816)
193,7121,211,Cameron (Sunrise),Cameron Lake #2,452,39.7627,-94.2583,,,187,1,29,2,,,11.6,309603,12.9,449.4,,POINT (-10492785.95903962 4831518.173836772)
194,7384,212,Grindstone,Cameron Lake #4 (Grindstone Reservoir),736,39.773,-94.2942,,,187,1,29,2,,,16.2,4038414,72.8,5598.7,,POINT (-10496782.328759097 4833009.882446242)
195,7119,213,Cameron (Eagle),Cameron Lake #3,837,39.7739,-94.2722,,,187,1,29,2,,,10.1,1027489,36.8,1372.3,,POINT (-10494333.299961645 4833140.236520142)
196,7642,214,Bennitt,Bennitt Lake,397,39.2448,-92.4586,,,187,2,29,2,,,15.2,788194,19.4,259.2,,POINT (-10292444.271458965 4756797.980326777)
197,NA,215,White,,,39.3264,-91.8642,,,187,1,29,2,,,,,6.1,81.2,,POINT (-10226275.966131441 4768534.0005113445)
198,7251,216,Big Whetstone,Big Lake,301,38.9657,-91.7347,,,187,2,29,2,,,14.3,724053,10.1,127.3,,POINT (-10211860.092073712 4716759.582103045)
199,7666,217,Windy Whetstone,Windy Lake,113,38.9594,-91.7338,,,187,2,29,2,,,,,,,,POINT (-10211759.904532 4715857.638360489)
200,7159,218,Bucklin City,Bucklin Lake,277,39.7672,-92.8814,,,187,1,29,2,,,9.1,154185,6.1,119.4,,POINT (-10339510.15216636 4832169.86373885)
201,7647,219,Dairy 1,Dairy Farm Lake Number 1,176,38.9938,-92.489,,,187,2,29,2,,,,,6.1,60.6,,POINT (-10295828.383979078 4720783.51468494)
202,7630,220,Dairy 3,100K Extent-Remaining Lakes,,38.9896,-92.4727,,,187,2,29,2,,,,,2,10.9,,POINT (-10294013.87627915 4720181.971281164)
203,7025,221,Edina (Section 7),Edina Lake,171,40.1844,-92.164,,,187,1,29,2,,,9.1,172687,5.7,54.5,,POINT (-10259649.549471267 4892775.079270784)
204,7021,222,Ewing,Ewing Lake,222,40.0211,-91.7171,,,187,1,29,2,,,11.9,651277,14.2,265.9,,POINT (-10209900.869035752 4869008.9479101235)
205,7630,223,Greenly Farms,,,40.0171,-92.1924,,,187,1,29,2,,,6.7,133216,7.3,98,,POINT (-10262811.023009794 4868427.516140257)
206,7644,224,Happy Holler,Happy Holler Lake,457,40.0256,-94.7336,,,187,6,29,2,,,14.9,1726872,27.1,368.8,,POINT (-10545696.11301366 4869663.0993960295)
207,7197,225,Higbee Railroad,Higbee Lake,2699,39.3052,-92.5193,,,187,1,29,2,,,,,6.1,44.5,,POINT (-10299201.364550116 4765483.621269039)
208,7197,226,Higbee City,Higbee Lake,158,39.3109,-92.4961,,,187,1,29,2,,,13.7,148018,5.3,45.3,,POINT (-10296618.752363712 4766303.679561309)
209,7675,227,Horseshoe,Horseshoe Lake,85,38.9447,-91.7184,,,187,6,29,2,,,7.9,40705,2.4,29.7,,POINT (-10210045.584373783 4713753.414766076)
210,7105,228,Jamesport Community,Jamesport Community Lake,129,39.9987,-93.8423,,,187,1,29,2,,,6.4,197357,12.1,120,,POINT (-10446477.050869616 4865753.368844303)
211,7113,229,King City (West),King City Old Reservoir,166,40.0641,-94.5127,,,187,1,29,2,,,10.4,487225,15,206.9,,POINT (-10521105.637497427 4875261.493638134)
212,7114,230,King City (East),King City New Reservoir,138,40.0619,-94.5085,,,187,1,29,2,,,6.1,97445,5.7,119.6,,POINT (-10520638.095636094 4874941.500202129)
213,7038,231,LaPlata (West),La Plata Lake,325,40.0186,-92.4653,,,187,1,29,2,,,,,,,,POINT (-10293190.11204728 4868645.549059836)
214,7645,232,Lick Creek,Monte Gurwit Lake,164,39.1508,-92.3846,,,187,2,29,2,,,6.7,187489,6.1,55,,POINT (-10284206.629140263 4743295.455503944)
215,7143,233,Linneus,Linneus Lake,220,39.8872,-93.1994,,,187,1,29,2,,,9.1,209692,6.9,209.1,,POINT (-10374909.75023862 4849564.004758738)
216,7188,234,Malta Bend,Malta Bend Community Lake,64,39.1759,-93.3852,,,187,1,29,2,,,,,2,20.2,,POINT (-10395592.91162801 4746899.149652913)
217,7116,235,Redman,Maysville Lake,59,39.8743,-94.3656,,,187,3,29,2,,,9.2,148018,3.8,68.8,,POINT (-10504730.540401736 4847692.6759802215)
218,NA,236,McCredie,,,38.9477,-91.9105,,,187,1,29,2,,,7.6,131982,4.9,73.1,,POINT (-10231430.05855517 4714182.812710253)
219,7144,237,Milan (North),Milan Lake North,207,40.2002,-93.1048,,,187,1,29,2,,,9.1,154185,6.1,77.6,,POINT (-10364378.926409576 4895077.589614776)
220,7031,238,Monroe (Route J),Monroe City Lake,391,39.6063,-91.6661,,,187,2,29,2,,,14.3,1443172,48.2,2108,,POINT (-10204223.575005295 4808894.723739792)
221,7022,239,LaBelle City (West),New La Belle Lake,134,40.0918,-91.9123,,,187,1,29,2,,,10.7,134449,7.3,59.5,,POINT (-10231630.433638599 4879291.386422898)
222,7681,240,North Whetstone,North Lake,104,38.9823,-91.7309,,,187,2,29,2,,,6.7,59207,2.4,23.9,,POINT (-10211437.078008698 4719136.516485049)
223,7628,241,Phillips,Perry Phillips Lake,234,38.8957,-92.2934,,,187,1,29,2,,,14,805462,17,147.1,,POINT (-10274054.291579915 4706742.485150777)
224,7443,242,Pike,Pike Lake,274,39.9516,-93.6746,,,187,1,29,2,,,9.1,217092,8.9,110.6,,POINT (-10427808.772263585 4858911.414086827)
225,NA,243,Pin Oak,,,37.4357,-94.5657,,,187,1,29,2,,,4.3,70308,5.7,102.3,,POINT (-10527005.570509471 4500013.009657562)
226,7170,244,Pine Ridge,Salisbury City Lake (Pine Ridge Lake),332,39.3987,-92.8011,,,187,1,29,2,,,,,10.1,123.1,,POINT (-10330571.19705566 4778943.905825563)
227,NA,245,Poosey 17,,,39.9221,-93.7168,,,187,1,29,2,,,6.7,30837,6.1,77.4,,POINT (-10432506.454775061 4854628.512743479)
228,NA,246,Poosey 18,,,39.9281,-93.7087,,,187,1,29,2,,,5.2,12335,5.3,40.6,,POINT (-10431604.766899634 4855499.461780759)
229,NA,247,Poosey 20,,,39.9282,-93.7014,,,187,1,29,2,,,7.6,49339,6.1,34.8,,POINT (-10430792.134616846 4855513.978244744)
230,7444,248,Johnson,Johnson Lake,131,38.7789,-92.6015,,,187,1,29,2,,,,,5.7,68.9,,POINT (-10308351.826693323 4690050.1973109385)
231,NA,249,Reform 1,,,38.7605,-91.7957,,,187,2,29,2,,,,,2.8,20.3,,POINT (-10218650.581012102 4687423.084962614)
232,7650,250,Santa Fe,Santa Fe Lake,236,40.0362,-92.4763,,,187,1,29,2,,,9.1,493392,16.2,112.6,,POINT (-10294414.626446005 4871204.160116924)
233,7145,251,Sears Community,Sears Community Lake,379,40.2613,-93.0764,,,187,1,29,2,,,10.1,207225,7.3,83,,POINT (-10361217.452871049 4903986.655103571)
234,NA,252,South Farm,,,38.9039,-92.2781,,,187,1,29,2,,,5.5,74009,3.6,58.2,,POINT (-10272351.103370776 4707915.405538172)
235,7450,253,Tobacco Hill,Tobacco Hills Lake,108,39.4229,-94.8044,,,187,6,29,2,,,10.4,,6.9,63.9,,POINT (-10553577.532961825 4782430.6819098)
236,7250,254,Walter,Wellsville City Lake,5188,39.0675,-91.6299,,,187,1,29,2,,,7.9,194890,2.8,81.1,,POINT (-10200193.809438579 4731344.985617589)
237,7010,255,Watershed,Bear Creek Watershed Structure F-1,278,40.3,-91.9341,,,187,1,29,2,,,,,,,,POINT (-10234057.198537892 4909633.711705325)
238,7454,256,Wellsville City,Sportsman Lake,1582,39.0356,-91.5769,,,187,1,29,2,,,,,7,44.7,,POINT (-10194293.876426535 4726772.250755915)
239,7250,257,Whitesell,Wellsville City Lake,5562,39.0728,-91.6323,,,187,2,29,2,,,7.9,194890,5.3,57.9,,POINT (-10200460.976216482 4732104.9191538105)
240,7203,258,Winegar,Winegar  Lake,140,38.4777,-92.3971,,,187,2,29,2,,,8.5,98678,2.4,64.7,,POINT (-10285598.122775177 4647130.33833643)
241,7636,260,Busch 16,August A Busch Lake Number 34,3682,38.7051,-90.7578,,,187,2,29,2,,,,,,,,POINT (-10103112.081517765 4679517.279360629)
242,7225,261,Adrian City,Adrian Reservoir,290,38.3907,-94.3364,,,187,1,29,2,,,,,,,,POINT (-10501480.011270573 4634766.596523992)
243,7240,263,Brays,Brays Lake,613,37.892,-91.7784,,,187,3,29,2,,,,,,,,POINT (-10216724.75382138 4564180.2492337115)
244,7228,264,Drexel City,Drexel Lake,369,38.4744,-94.6061,,,187,1,29,2,,,,,,,,POINT (-10531502.87793752 4646661.09680747)
245,7230,265,Drexel Reservoir,Drexel City Reservoir South,272,38.4638,-94.6069,,,187,1,29,2,,,,,,,,POINT (-10531591.933530154 4645153.981415035)
246,7426,266,Garden City,Garden City New Lake,388,38.5218,-94.1695,,,187,1,29,2,,,,,,,,POINT (-10482900.788257176 4653403.174540713)
247,7206,267,Niangua,Lake Niangua,1513,37.9356,-92.8504,,,187,3,29,2,,,,,,,,POINT (-10336059.247951766 4570332.243049742)
248,7329,268,Nims,Nims Lake,1355,37.6384,-90.3307,,,187,3,29,2,,,,,,,,POINT (-10055567.526999956 4528469.047844549)
249,7333,269,Shepherd Mountain,Shepard Mountain Lake,350,37.5919,-90.6579,,,187,3,29,2,,,,,,,,POINT (-10091991.264387516 4521934.302468252)
250,7032,270,Vandalia,Vandalia Reservoir,245,39.3769,-91.4084,,,187,1,29,2,,,,,,,,POINT (-10175536.542227868 4775803.961220988)
251,7441,271,Palmer,Palmer Lake,495,37.8227,-90.9217,,,187,3,29,2,,,,,,,,POINT (-10121357.34605878 4554409.45774318)
252,7047,272,Perry,Perry City Lake,187,39.4239,-91.6747,,,187,2,29,2,,,,,,,,POINT (-10205180.922626117 4782574.789608381)
253,7094,273,Odessa (Upper),Odessa Lake (Old),350,38.9701,-93.9782,,,187,1,29,2,,,,,,,,POINT (-10461605.369668422 4717389.558639686)
254,7117,317,Buffalo Bill,Buffalo Bill Lake,421,39.8155,-94.3832,,,187,1,29,2,,,,,,,,POINT (-10506689.763439698 4839167.35289267)
255,7451,400,Woodrail,Twin Lakes,2473,38.9214,-92.3581,,,187,2,29,2,,,,,,,,POINT (-10281256.662634239 4710419.042444533)
256,7489,274,Alpine,Alpine Lake,962,38.7496,-91.0812,,,187,2,29,2,,,,,,,,POINT (-10139112.804840308 4685867.125939779)
257,NA,275,Ascencio,,,39.343,-94.8554,,,187,1,29,2,,,,,,,,POINT (-10559254.826992283 4770923.150547308)
258,7181,276,Ashland,Lake Champetra,10803,38.7553,-92.2058,,,187,2,29,2,,,,,,,,POINT (-10264302.704186425 4686680.762945416)
259,7492,277,Aspen,Lake Innsbrook,2531,38.7576,-91.04,,,187,2,29,2,,,,,,,,POINT (-10134526.441819627 4687009.091013057)
260,7643,278,Aspenetter,Foxtail Lake,2011,38.763,-91.0326,,,187,1,29,2,,,,,,,,POINT (-10133702.677587755 4687779.989801651)
261,7648,279,Autumn,Autumn Lake,104,38.2075,-92.7141,,,187,3,29,2,,,,,,,,POINT (-10320886.401356645 4608780.216179649)
262,7247,280,Sherwood (Big Lake),Lake Sherwood,733,38.6648,-90.9875,,,187,2,29,2,,,,,,,,POINT (-10128682.16855298 4673770.15324868)
263,7469,281,Buteo,Lake Buteo,130,38.7489,-93.5814,,,187,1,29,2,,,,,,,,POINT (-10417433.795721652 4685767.21008479)
264,NA,282,Cardinal,,,38.761,-91.0089,,,187,1,29,2,,,,,,,,POINT (-10131064.405655956 4687494.464930127)
265,7492,283,Castlenovo,Lake Innsbrook,736,38.7669,-91.0509,,,187,2,29,2,,,,,,,,POINT (-10135739.824269272 4688336.786320336)
266,7643,284,Charrette,Foxtail Lake,1253,38.7659,-91.023,,,187,1,29,2,,,,,,,,POINT (-10132634.010476138 4688194.015080815)
267,7196,285,Clearfork,Clear Fork Lake,275,38.7517,-93.5972,,,187,1,29,2,,,,,,,,POINT (-10419192.643676186 4686166.879383131)
268,7085,286,Crystal,Crystal Lake,844,39.3567,-94.1914,,,187,1,29,2,,,,,,,,POINT (-10485338.68510555 4772895.346370712)
269,7085,287,Doniphan (Lower),Crystal Lake,5521,39.3239,-94.1965,,,187,1,29,2,,,,,,,,POINT (-10485906.414508594 4768174.237898165)
270,7085,288,Doniphan (Upper),Crystal Lake,5001,39.3274,-94.1953,,,187,1,29,2,,,,,,,,POINT (-10485772.831119644 4768677.90915751)
271,7247,289,Eleanor,Lake Sherwood,129,38.6726,-90.9734,,,187,2,29,2,,,,,,,,POINT (-10127112.563732794 4674882.247679166)
272,7308,290,Eureka,MU lat lon not near waterbody,,38.5159,-90.6429,,,187,3,29,2,,,,,,,,POINT (-10090321.472025616 4652563.728966462)
273,7643,291,Foxtail,Foxtail Lake,96,38.7745,-91.0233,,,187,1,29,2,,,,,,,,POINT (-10132667.406323379 4689421.913144673)
274,NA,292,Good Oak,,,38.1982,-92.7169,,,187,3,29,2,,,,,,,,POINT (-10321198.095930867 4607462.785738553)
275,7492,293,Innsbrook,Lake Innsbrook,384,38.7684,-91.0545,,,187,2,29,2,,,,,,,,POINT (-10136140.574436128 4688550.946931764)
276,NA,294,January Wabash,,,38.7528,-90.3111,,,187,2,29,2,,,,,,,,POINT (-10053385.664980408 4686323.896610813)
277,7646,295,Jennings,Koeneman Park Lake,144,38.7384,-90.2583,,,187,2,29,2,,,,,,,,POINT (-10047507.995866524 4684268.589801729)
278,7489,296,Konstanz,Alpine Lake,1083,38.7624,-91.074,,,187,2,29,2,,,,,,,,POINT (-10138311.304506596 4687694.33149992)
279,7629,297,Lake of the Woods,Lake of the Woods,136,38.9954,-94.5206,,,187,3,29,2,,,,,,,,POINT (-10521985.061474694 4721012.683467171)
280,7055,298,Ste. Louise,Lake Sainte Louise,562,38.7994,-90.7911,,,187,2,29,2,,,,,,,,POINT (-10106819.02056118 4692977.941537423)
281,7044,299,Lakeview,Lakeview Park Lake,324,39.1546,-91.89,,,187,1,29,2,,,,,,,,POINT (-10229148.008993909 4743840.952109045)
282,7248,300,Lucern,Lake Lucern,371,38.7756,-91.0595,,,187,2,29,2,,,,,,,,POINT (-10136697.171890095 4689578.98055249)
283,NA,301,Penn Valley,,,39.0783,-94.5927,,,187,1,29,2,,,,,,,,POINT (-10530011.19676089 4732893.58977325)
284,NA,302,Red Fox,,,38.7717,-91.0255,,,187,1,29,2,,,,,,,,POINT (-10132912.309203122 4689022.116127477)
285,7247,304,Robin Hood,Lake Sherwood,177,38.674,-90.9874,,,187,2,29,2,,,,,,,,POINT (-10128671.0366039 4675081.867197383)
286,7248,305,Scheffborg,Lake Lucern,1121,38.786,-91.0583,,,187,2,29,2,,,,,,,,POINT (-10136563.588501142 4691064.101236773)
287,7502,306,Simpson,Simpson Park Lake,535,38.5581,-90.4639,,,187,3,29,2,,,,,,,,POINT (-10070395.28317362 4658569.413919932)
288,7643,307,St. Gallen,Foxtail Lake,3622,38.75,-91.0301,,,187,1,29,2,,,,,,,,POINT (-10133424.378860772 4685924.221153925)
289,7417,308,Stephens,Antimi Lake,7311,38.9511,-92.3085,,,187,2,29,2,,,,,,,,POINT (-10275735.215890892 4714669.485682916)
290,7247,309,Sugar Hollow,Lake Sherwood,346,38.6714,-90.9777,,,187,2,29,2,,,,,,,,POINT (-10127591.237543205 4674711.148342131)
292,7649,310,Treeline,Treeline Lake,352,38.1933,-92.7351,,,187,3,29,2,,,,,,,,POINT (-10323224.110663304 4606768.723404929)
293,NA,311,Troost,,,39.0754,-94.5646,,,187,1,29,2,,,,,,,,POINT (-10526883.119069599 4732477.7376037305)
294,NA,312,Trophy,,,38.7742,-91.0274,,,187,1,29,2,,,,,,,,POINT (-10133123.81623563 4689379.076999306)
295,7630,313,Wanderfern,100K Extent-Remaining Lakes,,38.7671,-91.0729,,,187,2,29,2,,,,,,,,POINT (-10138188.853066724 4688365.340808373)
296,7165,314,Waterworks,Old Reservoir,392,39.4162,-92.4646,,,187,1,29,2,,,,,,,,POINT (-10293112.188403724 4781465.213659023)
297,7643,315,Whippoorwill,Foxtail Lake,1836,38.7654,-91.0339,,,187,2,29,2,,,,,,,,POINT (-10133847.392925786 4688122.630211445)
298,7635,316,Wood,Welch Lake,4497,38.9956,-92.2153,,,187,1,29,2,,,,,,,,POINT (-10265360.239348961 4721041.329929267)
299,7362,318,Apollo,Apollo Lake,175,37.8158,-90.491,,,187,2,29,2,,,,,,,,POINT (-10073412.041374119 4553437.110866399)
300,NA,320,Quarry Heights,,,38.9413,-92.3448,,,187,2,29,2,,,,,,,,POINT (-10279776.11340669 4713266.78572837)
302,NA,322,Whitecliff,,,38.5561,-90.3688,,,187,2,29,2,,,,,,,,POINT (-10059808.79959918 4658284.704745494)
303,NA,323,Wyandote,,,39.1679,-94.7786,,,187,1,19,2,,,,,,,,POINT (-10550705.490099357 4745750.422258844)
305,NA,402,Flat Creek,,,36.6595,-93.8868,,,187,3,29,3,,,,,,,,POINT (-10451430.768209916 4391751.156294157)
306,NA,403,Mallard ,,,38.7024,-90.4946,,,187,2,29,2,,,,,,,,POINT (-10073812.791540975 4679132.134978867)
307,NA,404,Novus,,,38.7094,-90.6817,,,187,2,29,2,,,,,,,,POINT (-10094640.668268397 4680130.687475378)
308,NA,405,Pierson,,,39.0679,-94.7119,,,187,1,19,2,,,,,,,,POINT (-10543280.480063448 4731402.337101148)
309,7070,406,Riss,Riss Lake,551,39.2005,-94.6767,,,187,6,29,2,,,,,,,,POINT (-10539362.033987522 4750432.305543101)
310,NA,407,,,,36.555,-93.7699,,,187,3,29,3,,,,,,,,POINT (-10438417.519736184 4377259.713435985)
311,NA,408,,,,39.1182,-94.6368,,,187,1,19,2,,,,,,,,POINT (-10534920.386304872 4738616.87849084)
312,NA,409,,,,38.5624,-90.2666,,98,187,2,29,2,,,,,,,,POINT (-10048431.947640108 4659181.565471184)
313,7199,410,Caswell,Cedar Lake,40,38.8966,-92.3512,,50,187,1,29,2,,,,,,,,POINT (-10280488.558147766 4706871.213698264)
314,7199,411,Cedar,Cedar Lake,40,38.8966,-92.3512,,10,187,2,29,2,,,,,,,,POINT (-10280488.558147766 4706871.213698264)
315,NA,412,Barry Harbor,,,39.2428,-94.6045,,112,187,6,29,2,,,,,,,,POINT (-10531324.766752249 4756510.504325443)
317,7375,413,Jaycee,Jaycee Park Lake,110,38.5625,-92.2684,,25,187,2,29,2,,,,,,,,POINT (-10271271.304310083 4659195.801989534)
318,7135,414,Crowder,Crowder St. Park Lake,184,40.0959,-93.6606,,39,187,1,29,2,,,,,,,,POINT (-10426250.299392479 4879888.008069091)
319,7156,415,Ethel,Ethel Lake,235,39.8872,-92.7527,,59,187,1,29,2,,,,,,,,POINT (-10325183.333701266 4849564.004758738)
320,7134,416,Leisure (Grundy Co),Leisure Lake,385,40.1104,-93.7273,,39,187,1,29,2,,,,,,,,POINT (-10433675.30942839 4881998.299869303)
321,7400,417,Middle Fork Water,Middle Fork Water Company Lake,712,40.2886,-94.4329,,37,187,1,29,2,,,,,,,,POINT (-10512222.342132125 4907969.901764587)
322,7175,418,Bass,Bass Lake,261,38.8391,-91.7668,,14,187,2,29,2,,,,,,,,POINT (-10215433.447728178 4698650.164081955)
323,NA,419,Butterfly,MU lat lon not near waterbody,,37.788,-90.9259,,99,187,2,29,2,,,,,,,,POINT (-10121824.887920113 4549520.459742001)
324,7254,420,Daizy Valley,Lost Valley Lake,483,38.4743,-91.3901,,36,187,2,29,2,,,,,,,,POINT (-10173499.39554635 4646646.877702492)
325,7176,421,Leisure (Callaway Co),Leisure Lake,444,38.8978,-91.8209,,14,187,2,29,2,,,,,,,,POINT (-10221455.832180092 4707042.854299343)
326,7174,422,Lochaweeno,Lake Lochaweeno,528,38.8285,-91.7632,,14,187,2,29,2,,,,,,,,POINT (-10215032.697561322 4697135.356888408)
327,7409,423,Port Hudson,Port Hudson Lake,340,38.4735,-91.2678,,35,187,2,29,2,,,,,,,,POINT (-10159885.021822333 4646533.1255726805)
328,7431,424,Iron Mountain,Iron Mountain Lake,733,37.693,-90.6225,,97,187,3,29,2,,,,,,,,POINT (-10088050.554413434 4536147.3266122695)
329,7355,425,Kellogg,Kellogg Lake,148,37.1875,-94.2934,,48,187,3,29,2,,,,,,,,POINT (-10496693.273166463 4465274.193647816)
330,7298,426,Potosi,Potosi Lake,284,37.8823,-90.6806,,107,187,3,29,2,,,,,,,,POINT (-10094518.216828523 4562812.067288586)
331,7410,427,Primrose,Primrose Lake,380,37.9927,-90.5628,,97,187,3,29,2,,,,,,,,POINT (-10081404.780813076 4578394.619021425)
332,7293,428,Sayersbrook,Sayersbrook Lake,438,37.9867,-90.9259,,107,187,3,29,2,,,,,,,,POINT (-10121824.887920113 4577547.139267083)
333,7415,429,Wahoo,Wahoo Lake,236,38.0012,-90.5468,,97,187,3,29,2,,,,,,,,POINT (-10079623.668960385 4579595.3340108795)
334,7370,430,Bluestem,Bluestem Lake,113,38.8715,-94.3244,,47,187,1,29,2,,,,,,,,POINT (-10500144.177381054 4703281.728975477)
335,7371,431,Bodarc,Bodarc Lake,224,38.8708,-94.3167,,47,187,1,29,2,,,,,,,,POINT (-10499287.017301945 4703181.641995707)
336,7217,432,Harrisonville City,City Lake Harrisonville,334,38.6645,-94.3391,,19,187,1,29,2,,,,,,,,POINT (-10501780.573895715 4673727.382805318)
337,7216,433,Luna,Lake Luna,331,38.6616,-94.3462,,19,187,1,29,2,,,,,,,,POINT (-10502570.942280347 4673313.944423799)
338,7027,434,Sever Lake North,North Sever Lake,245,40.2556,-92.1485,,51,187,1,29,2,,,,,,,,POINT (-10257924.09736397 4903155.191085901)
339,7028,435,Hurdland Severs,Hurdland Severs Lake,151,40.1121,-92.294,,51,187,1,29,2,,,,,,,,POINT (-10274121.08327439 4882245.74285199)
340,7201,436,Finger Lake,Finger Lakes,167,39.0872,-92.3157,,10,187,1,29,2,,,,,,,,POINT (-10276536.716224605 4734169.932473851)
341,7630,437,Thunderbird (Lower),100K Extent-Remaining Lakes,,38.8068,-91.8085,,14,187,2,29,2,,,,,,,,POINT (-10220075.470494255 4694034.99266051)
343,7423,438,Bethel,Cosmo-Bethel Lake,62,38.9012,-92.3421,,10,187,2,29,2,,,,,,,,POINT (-10279475.550781548 4707529.185087426)
344,NA,439,Cheney,,,37.7266,-97.7933,,,187,,19,2,,,,,,,,POINT (-10886300.358993841 4540875.231473166)
345,NA,440,Crow Pond,,,38.8938,-91.7372,,14,187,1,29,2,,,,,,,,POINT (-10212138.390800696 4706470.730241006)
346,NA,441,Montauk,,,37.4579,-91.6847,,94,187,3,29,2,,,,,,,,POINT (-10206294.11753405 4503125.789534771)
347,7246,442,Callaway Fork,Callaway Lake,1592,38.6824,-90.845,,114,187,2,29,2,,,,,,,,POINT (-10112819.141114937 4676279.666302736)
348,7256,443,Spanish,Sunfish Lake,762,38.8005,-90.2035,,98,187,2,29,2,,,,,,,,POINT (-10041407.687771054 4693135.063812316)
349,7305,444,Cole,Cole Lake,245,38.0193,-90.567,,49,187,,29,2,,,,,,,,POINT (-10081872.322674407 4582152.614457442)
350,NA,445,Rock Lake Village,,,38.8853,-94.0729,,53,187,,29,2,,,,,,,,POINT (-10472147.325446546 4705255.073592582)
351,NA,446,Sakatah,,,44.2229,-93.5625,,,187,,27,1,,,,,,,,POINT (-10415329.85734566 5500001.516888362)
353,NA,447,Black Hawk,,,42.3036,-95.0393,,,187,,18,1,,,,,,,,POINT (-10579726.481349165 5206566.301172041)
356,NA,448,Riata,,,38.4698,-91.4061,,36,187,,29,2,,,,,,,,POINT (-10175280.507399043 4646007.038389558)
357,7211,449,Pleasant Hill,Pleasant Hill Lake,796,38.8223,-94.2962,,19,187,,29,2,,,,,,,,POINT (-10497004.967740683 4696249.442132837)
359,NA,450,Marion,,,38.3675,-90.7568,,35,187,,29,2,,,,,,,,POINT (-10103000.76202697 4631472.112035621)
360,7284,451,Serene,Lake Serene,256,38.4132,-90.7849,,35,187,,29,2,,,,,,,,POINT (-10106128.839718262 4637962.688213775)
361,NA,452,Katy,,,38.9199,-92.3952,,10,187,,29,2,,,,,,,,POINT (-10285386.61574267 4710204.420804119)
362,NA,453,Lafayette Park,,,38.6156,-90.216,,115,187,,29,2,,,,,,,,POINT (-10042799.181405967 4666758.193610322)
363,7290,454,Cedar Hill (Lake 1),Cedar Hill Lake Number 1,162,38.3337,-90.6549,,49,187,,29,2,,,,,,,,POINT (-10091657.305915136 4626674.27839397)
364,7088,455,West Arrowhead,Lake Arrowhead,389,39.4848,-94.3117,,24,187,,29,2,,,,,,,,POINT (-10498730.419847978 4791354.849736352)
365,7630,456,Timberland,100K Extent-Remaining Lakes,,37.9178,-93.97,,20,187,,29,2,,,,,,,,POINT (-10460692.549843917 4567820.208782794)
366,NA,457,OFallon Park,,,38.6792,-90.2194,,98,187,,29,2,,,,,,,,POINT (-10043177.667674664 4675823.34530532)
367,7630,458,Crystal (Morgan),100K Extent-Remaining Lakes,,38.3942,-92.9464,,70,187,,29,2,,,,,,,,POINT (-10346745.919067921 4635263.701009933)
368,7310,459,Fon du Lac,Fon-Du-Lac Reservoir,269,38.4898,-90.4693,,49,187,,29,2,,,,,,,,POINT (-10070996.408423904 4648851.0744185755)
369,7073,460,Houston,Houston Lake,257,39.1904,-94.6185,,112,187,,29,2,,,,,,,,POINT (-10532883.239623355 4748981.55124327)
370,7253,461,See Tal,See Tal Lake,137,38.6881,-91.4368,,36,187,,29,2,,,,,,,,POINT (-10178698.015766397 4677092.5386270825)
371,NA,462,Tilles Park,,,38.6222,-90.3636,,98,187,,29,2,,,,,,,,POINT (-10059229.938247055 4667698.542875045)
372,7181,463,McKee Pond,Lake Champetra,3170,38.671,-92.2592,,10,187,,29,2,,,,,,,,POINT (-10270247.164994786 4674654.115867121)
373,NA,464,Cedar (Randolph),Rothwell Lake,,39.3925,-92.4234,,86,187,,29,2,,,,,,,,POINT (-10288525.825383041 4778050.794233473)
374,NA,465,McKee Prairie,,,38.8375,-94.2319,,19,187,,29,2,,,,,,,,POINT (-10489847.124482675 4698421.499482479)
